check	gene	gnomad_symbol	gnomad_row_gene_id	match
renamed_since_gnomAD	AARS1	AARS	ENSG00000090861	ensembl
renamed_since_gnomAD	ABHD18	C4ORF29	ENSG00000164074	ensembl
renamed_since_gnomAD	ABITRAM	FAM206A	ENSG00000119328	ensembl
renamed_since_gnomAD	ABRAXAS1	FAM175A	ENSG00000163322	ensembl
renamed_since_gnomAD	ABRAXAS2	FAM175B	ENSG00000165660	ensembl
renamed_since_gnomAD	ABTB3	BTBD11	ENSG00000151136	ensembl
renamed_since_gnomAD	ACKR1	DARC	ENSG00000213088	ensembl
renamed_since_gnomAD	ACKR5	GPR182	ENSG00000166856	ensembl
renamed_since_gnomAD	ACOD1	IRG1	ENSG00000102794	ensembl
renamed_since_gnomAD	ACP3	ACPP	ENSG00000014257	ensembl
renamed_since_gnomAD	ACP4	ACPT	ENSG00000142513	ensembl
alias_in_gnomAD	ACP7	PAPL	ENSG00000183760	ensembl
renamed_since_gnomAD	ACSM6	C10ORF129	ENSG00000173124	ensembl
renamed_since_gnomAD	ACTMAP	C19ORF54	ENSG00000188493	ensembl
renamed_since_gnomAD	ADA2	CECR1	ENSG00000093072	ensembl
renamed_since_gnomAD	ADGRA1	GPR123	ENSG00000197177	ensembl
renamed_since_gnomAD	ADGRA2	GPR124	ENSG00000020181	ensembl
renamed_since_gnomAD	ADGRA3	GPR125	ENSG00000152990	ensembl
renamed_since_gnomAD	ADGRB1	BAI1	ENSG00000181790	ensembl
renamed_since_gnomAD	ADGRB2	BAI2	ENSG00000121753	ensembl
renamed_since_gnomAD	ADGRB3	BAI3	ENSG00000135298	ensembl
renamed_since_gnomAD	ADGRD1	GPR133	ENSG00000111452	ensembl
renamed_since_gnomAD	ADGRD2	GPR144	ENSG00000180264	ensembl
renamed_since_gnomAD	ADGRE1	EMR1	ENSG00000174837	ensembl
renamed_since_gnomAD	ADGRE2	EMR2	ENSG00000127507	ensembl
renamed_since_gnomAD	ADGRE3	EMR3	ENSG00000131355	ensembl
renamed_since_gnomAD	ADGRE5	CD97	ENSG00000123146	ensembl
renamed_since_gnomAD	ADGRF1	GPR110	ENSG00000153292	ensembl
renamed_since_gnomAD	ADGRF3	GPR113	ENSG00000173567	ensembl
renamed_since_gnomAD	ADGRF4	GPR115	ENSG00000153294	ensembl
renamed_since_gnomAD	ADGRF5	GPR116	ENSG00000069122	ensembl
renamed_since_gnomAD	ADGRG1	GPR56	ENSG00000205336	ensembl
renamed_since_gnomAD	ADGRG2	GPR64	ENSG00000173698	ensembl
renamed_since_gnomAD	ADGRG3	GPR97	ENSG00000182885	ensembl
renamed_since_gnomAD	ADGRG4	GPR112	ENSG00000156920	ensembl
renamed_since_gnomAD	ADGRG5	GPR114	ENSG00000159618	ensembl
renamed_since_gnomAD	ADGRG6	GPR126	ENSG00000112414	ensembl
renamed_since_gnomAD	ADGRG7	GPR128	ENSG00000144820	ensembl
renamed_since_gnomAD	ADGRL1	LPHN1	ENSG00000072071	ensembl
renamed_since_gnomAD	ADGRL2	LPHN2	ENSG00000117114	ensembl
renamed_since_gnomAD	ADGRL3	LPHN3	ENSG00000150471	ensembl
renamed_since_gnomAD	ADGRL4	ELTD1	ENSG00000162618	ensembl
renamed_since_gnomAD	ADGRV1	GPR98	ENSG00000164199	ensembl
renamed_since_gnomAD	ADISSP	C20ORF27	ENSG00000101220	ensembl
renamed_since_gnomAD	ADPRS	ADPRHL2	ENSG00000116863	ensembl
renamed_since_gnomAD	ADSS1	ADSSL1	ENSG00000185100	ensembl
renamed_since_gnomAD	ADSS2	ADSS	ENSG00000035687	ensembl
renamed_since_gnomAD	AFDN	MLLT4	ENSG00000130396	ensembl
renamed_since_gnomAD	AFG1L	LACE1	ENSG00000135537	ensembl
renamed_since_gnomAD	AFG2A	SPATA5	ENSG00000145375	ensembl
renamed_since_gnomAD	AFG2B	SPATA5L1	ENSG00000171763	ensembl
symbol_differs_unverified	AGAP9	AGAP10	ENSG00000204172	ensembl
renamed_since_gnomAD	AIRIM	C1ORF109	ENSG00000116922	ensembl
renamed_since_gnomAD	AJM1	C9ORF172	ENSG00000232434	ensembl
renamed_since_gnomAD	AKAIN1	C18ORF42	ENSG00000231824	ensembl
renamed_since_gnomAD	AKAP19	C2ORF88	ENSG00000187699	ensembl
possible_missed_match	AKR1C8	AKR1CL1	ENSG00000196326	
renamed_since_gnomAD	ALKAL1	FAM150A	ENSG00000196711	ensembl
renamed_since_gnomAD	ALKAL2	FAM150B	ENSG00000189292	ensembl
renamed_since_gnomAD	ALPG	ALPPL2	ENSG00000163286	ensembl
renamed_since_gnomAD	ANGPTL8	C19ORF80	ENSG00000130173	ensembl
renamed_since_gnomAD	ANOS1	KAL1	ENSG00000011201	ensembl
renamed_since_gnomAD	ANTKMT	FAM173A	ENSG00000103254	ensembl
renamed_since_gnomAD	AOPEP	C9ORF3	ENSG00000148120	ensembl
symbol_differs_unverified	APOLTP	CTD-3088G3.8	ENSG00000188897	ensembl
renamed_since_gnomAD	ARB2A	FAM172A	ENSG00000113391	ensembl
renamed_since_gnomAD	ARFGEF3	KIAA1244	ENSG00000112379	ensembl
renamed_since_gnomAD	ARHGAP45	HMHA1	ENSG00000180448	ensembl
renamed_since_gnomAD	ARK2C	RNF165	ENSG00000141622	ensembl
renamed_since_gnomAD	ARK2N	C18ORF25	ENSG00000152242	ensembl
renamed_since_gnomAD	ARLN	C4ORF3	ENSG00000164096	ensembl
renamed_since_gnomAD	ARMH1	C1ORF228	ENSG00000198520	ensembl
renamed_since_gnomAD	ARMH2	C6ORF229	ENSG00000260286	ensembl
renamed_since_gnomAD	ARMH3	C10ORF76	ENSG00000120029	ensembl
renamed_since_gnomAD	ARMH4	C14ORF37	ENSG00000139971	ensembl
renamed_since_gnomAD	ARPIN	C15ORF38	ENSG00000242498	ensembl
renamed_since_gnomAD	ARSL	ARSE	ENSG00000157399	ensembl
gnomAD_symbol_now_other_gene	ASB3	GPR75-ASB3	ENSG00000115239	ensembl
renamed_since_gnomAD	ATG101	C12ORF44	ENSG00000123395	ensembl
renamed_since_gnomAD	ATOSA	FAM214A	ENSG00000047346	ensembl
renamed_since_gnomAD	ATOSB	FAM214B	ENSG00000005238	ensembl
renamed_since_gnomAD	ATP23	XRCC6BP1	ENSG00000166896	ensembl
renamed_since_gnomAD	ATP5F1A	ATP5A1	ENSG00000152234	ensembl
renamed_since_gnomAD	ATP5F1B	ATP5B	ENSG00000110955	ensembl
renamed_since_gnomAD	ATP5F1C	ATP5C1	ENSG00000165629	ensembl
renamed_since_gnomAD	ATP5F1D	ATP5D	ENSG00000099624	ensembl
renamed_since_gnomAD	ATP5F1E	ATP5E	ENSG00000124172	ensembl
renamed_since_gnomAD	ATP5IF1	ATPIF1	ENSG00000130770	ensembl
renamed_since_gnomAD	ATP5MC1	ATP5G1	ENSG00000159199	ensembl
renamed_since_gnomAD	ATP5MC2	ATP5G2	ENSG00000135390	ensembl
renamed_since_gnomAD	ATP5MC3	ATP5G3	ENSG00000154518	ensembl
renamed_since_gnomAD	ATP5ME	ATP5I	ENSG00000169020	ensembl
renamed_since_gnomAD	ATP5MF	ATP5J2	ENSG00000241468	ensembl
renamed_since_gnomAD	ATP5MGL	ATP5L2	ENSG00000249222	ensembl
renamed_since_gnomAD	ATP5MG	ATP5L	ENSG00000167283	ensembl
renamed_since_gnomAD	ATP5MJ	C14ORF2	ENSG00000156411	ensembl
renamed_since_gnomAD	ATP5MK	USMG5	ENSG00000173915	ensembl
renamed_since_gnomAD	ATP5PB	ATP5F1	ENSG00000116459	ensembl
renamed_since_gnomAD	ATP5PD	ATP5H	ENSG00000167863	ensembl
renamed_since_gnomAD	ATP5PF	ATP5J	ENSG00000154723	ensembl
renamed_since_gnomAD	ATP5PO	ATP5O	ENSG00000241837	ensembl
renamed_since_gnomAD	ATPSCKMT	FAM173B	ENSG00000150756	ensembl
renamed_since_gnomAD	AZIN2	ADC	ENSG00000142920	ensembl
renamed_since_gnomAD	B3GLCT	B3GALTL	ENSG00000187676	ensembl
renamed_since_gnomAD	B4GAT1	B3GNT1	ENSG00000174684	ensembl
renamed_since_gnomAD	BABAM2	BRE	ENSG00000158019	ensembl
renamed_since_gnomAD	BACC1	C17ORF49	ENSG00000258315	ensembl
symbol_differs_unverified	BAHCC1	RP11-1055B8.7	ENSG00000171282	transcript
renamed_since_gnomAD	BBLN	C9ORF16	ENSG00000171159	ensembl
renamed_since_gnomAD	BBOF1	CCDC176	ENSG00000119636	ensembl
renamed_since_gnomAD	BCLAF3	CXORF23	ENSG00000173681	ensembl
renamed_since_gnomAD	BCO1	BCMO1	ENSG00000135697	ensembl
renamed_since_gnomAD	BEX3	NGFRAP1	ENSG00000166681	ensembl
renamed_since_gnomAD	BICDL1	CCDC64	ENSG00000135127	ensembl
renamed_since_gnomAD	BICDL2	CCDC64B	ENSG00000162069	ensembl
renamed_since_gnomAD	BICRA	GLTSCR1	ENSG00000063169	ensembl
renamed_since_gnomAD	BICRAL	GLTSCR1L	ENSG00000112624	ensembl
renamed_since_gnomAD	BKGD	C11ORF54	ENSG00000182919	ensembl
renamed_since_gnomAD	BLTP1	KIAA1109	ENSG00000138688	ensembl
renamed_since_gnomAD	BLTP2	KIAA0100	ENSG00000007202	ensembl
renamed_since_gnomAD	BLTP3A	UHRF1BP1	ENSG00000065060	ensembl
renamed_since_gnomAD	BLTP3B	UHRF1BP1L	ENSG00000111647	ensembl
renamed_since_gnomAD	BMAL1	ARNTL	ENSG00000133794	ensembl
renamed_since_gnomAD	BMAL2	ARNTL2	ENSG00000029153	ensembl
renamed_since_gnomAD	BMERB1	C16ORF45	ENSG00000166780	ensembl
renamed_since_gnomAD	BNIP5	C6ORF222	ENSG00000189325	ensembl
renamed_since_gnomAD	BORCS5	LOH12CR1	ENSG00000165714	ensembl
renamed_since_gnomAD	BORCS6	C17ORF59	ENSG00000196544	ensembl
renamed_since_gnomAD	BORCS7	C10ORF32	ENSG00000166275	ensembl
renamed_since_gnomAD	BORCS8	MEF2BNB	ENSG00000254901	ensembl
renamed_since_gnomAD	BPNT2	IMPAD1	ENSG00000104331	ensembl
renamed_since_gnomAD	BRD10	KIAA2026	ENSG00000183354	ensembl
renamed_since_gnomAD	BRME1	C19ORF57	ENSG00000132016	ensembl
renamed_since_gnomAD	BUD23	WBSCR22	ENSG00000071462	ensembl
renamed_since_gnomAD	C1QTNF12	FAM132A	ENSG00000184163	ensembl
symbol_differs_unverified	C4orf54	RP11-766F14.2	ENSG00000248713	ensembl
symbol_differs_unverified	C8orf90	AC138647.1	ENSG00000226490	ensembl
renamed_since_gnomAD	CABCOCO1	C10ORF107	ENSG00000183346	ensembl
renamed_since_gnomAD	CALHM4	FAM26D	ENSG00000164451	ensembl
renamed_since_gnomAD	CALHM5	FAM26E	ENSG00000178033	ensembl
renamed_since_gnomAD	CALHM6	FAM26F	ENSG00000188820	ensembl
renamed_since_gnomAD	CARD19	C9ORF89	ENSG00000165233	ensembl
renamed_since_gnomAD	CARMIL1	LRRC16A	ENSG00000079691	ensembl
renamed_since_gnomAD	CARMIL2	RLTPR	ENSG00000159753	ensembl
renamed_since_gnomAD	CARMIL3	LRRC16B	ENSG00000186648	ensembl
renamed_since_gnomAD	CARNMT1	C9ORF41	ENSG00000156017	ensembl
renamed_since_gnomAD	CARS1	CARS	ENSG00000110619	ensembl
renamed_since_gnomAD	CASTOR1	GATSL3	ENSG00000239282	ensembl
possible_missed_match	CASTOR2	GATSL2	ENSG00000198750	
renamed_since_gnomAD	CATIP	C2ORF62	ENSG00000158428	ensembl
renamed_since_gnomAD	CATSPERE	C1ORF101	ENSG00000179397	ensembl
renamed_since_gnomAD	CATSPERH	TMEM262	ENSG00000187066	ensembl
possible_missed_match	CATSPERQ	TMEM249	ENSG00000214597	
renamed_since_gnomAD	CATSPERT	ALS2CR11	ENSG00000155754	ensembl
renamed_since_gnomAD	CATSPERZ	TEX40	ENSG00000219435	ensembl
renamed_since_gnomAD	CAVIN1	PTRF	ENSG00000177469	ensembl
renamed_since_gnomAD	CAVIN2	SDPR	ENSG00000168497	ensembl
renamed_since_gnomAD	CAVIN3	PRKCDBP	ENSG00000170955	ensembl
renamed_since_gnomAD	CAVIN4	MURC	ENSG00000170681	ensembl
renamed_since_gnomAD	CBARP	C19ORF26	ENSG00000099625	ensembl
renamed_since_gnomAD	CBLIF	GIF	ENSG00000134812	ensembl
renamed_since_gnomAD	CBLL2	ZNF645	ENSG00000175809	ensembl
renamed_since_gnomAD	CBY2	SPERT	ENSG00000174015	ensembl
possible_missed_match	CCDC163	CCDC163P	ENSG00000236624	
renamed_since_gnomAD	CCDC184	C12ORF68	ENSG00000177875	ensembl
renamed_since_gnomAD	CCDC185	C1ORF65	ENSG00000178395	ensembl
renamed_since_gnomAD	CCDC186	C10ORF118	ENSG00000165813	ensembl
symbol_differs_unverified	CCDC188	AC006547.14	ENSG00000234409	ensembl
renamed_since_gnomAD	CCDC190	C1ORF110	ENSG00000185860	ensembl
renamed_since_gnomAD	CCDC191	KIAA1407	ENSG00000163617	ensembl
renamed_since_gnomAD	CCDC198	C14ORF105	ENSG00000100557	ensembl
renamed_since_gnomAD	CCDC32	C15ORF57	ENSG00000128891	ensembl
renamed_since_gnomAD	CCDC9B	C15ORF52	ENSG00000188549	ensembl
renamed_since_gnomAD	CCN1	CYR61	ENSG00000142871	ensembl
renamed_since_gnomAD	CCN2	CTGF	ENSG00000118523	ensembl
renamed_since_gnomAD	CCN3	NOV	ENSG00000136999	ensembl
renamed_since_gnomAD	CCN4	WISP1	ENSG00000104415	ensembl
renamed_since_gnomAD	CCN5	WISP2	ENSG00000064205	ensembl
renamed_since_gnomAD	CCN6	WISP3	ENSG00000112761	ensembl
renamed_since_gnomAD	CCNP	CNTD2	ENSG00000105219	ensembl
possible_missed_match	CCNQ	FAM58A	ENSG00000147382	
renamed_since_gnomAD	CDC50A	TMEM30A	ENSG00000112697	ensembl
renamed_since_gnomAD	CDC50B	TMEM30B	ENSG00000182107	ensembl
renamed_since_gnomAD	CDIN1	C15ORF41	ENSG00000186073	ensembl
renamed_since_gnomAD	CEBPZOS	CEBPZ-AS1	ENSG00000218739	ensembl
renamed_since_gnomAD	CEMIP2	TMEM2	ENSG00000135048	ensembl
renamed_since_gnomAD	CEMIP	KIAA1199	ENSG00000103888	ensembl
renamed_since_gnomAD	CENATAC	CCDC84	ENSG00000186166	ensembl
renamed_since_gnomAD	CENPS	APITD1	ENSG00000175279	ensembl
renamed_since_gnomAD	CENPX	STRA13	ENSG00000169689	ensembl
renamed_since_gnomAD	CEP126	KIAA1377	ENSG00000110318	ensembl
renamed_since_gnomAD	CEP131	AZI1	ENSG00000141577	ensembl
renamed_since_gnomAD	CEP15	C3ORF14	ENSG00000114405	ensembl
renamed_since_gnomAD	CEP162	KIAA1009	ENSG00000135315	ensembl
renamed_since_gnomAD	CEP20	FOPNL	ENSG00000133393	ensembl
renamed_since_gnomAD	CEP295	KIAA1731	ENSG00000166004	ensembl
alias_in_gnomAD	CEP295NL	DDC8	ENSG00000178404	ensembl
renamed_since_gnomAD	CEP43	FGFR1OP	ENSG00000213066	ensembl
renamed_since_gnomAD	CEP83	CCDC41	ENSG00000173588	ensembl
renamed_since_gnomAD	CERT1	COL4A3BP	ENSG00000113163	ensembl
renamed_since_gnomAD	CFAP100	CCDC37	ENSG00000163885	ensembl
renamed_since_gnomAD	CFAP107	C1ORF158	ENSG00000157330	ensembl
renamed_since_gnomAD	CFAP119	C16ORF93	ENSG00000196118	ensembl
renamed_since_gnomAD	CFAP126	C1ORF192	ENSG00000188931	ensembl
renamed_since_gnomAD	CFAP141	C1ORF189	ENSG00000163263	ensembl
renamed_since_gnomAD	CFAP144	FAM183A	ENSG00000186973	ensembl
renamed_since_gnomAD	CFAP157	C9ORF117	ENSG00000160401	ensembl
renamed_since_gnomAD	CFAP161	C15ORF26	ENSG00000156206	ensembl
renamed_since_gnomAD	CFAP184	CCDC96	ENSG00000173013	ensembl
renamed_since_gnomAD	CFAP206	C6ORF165	ENSG00000272514	ensembl
renamed_since_gnomAD	CFAP20DC	C3ORF67	ENSG00000163689	ensembl
renamed_since_gnomAD	CFAP20	C16ORF80	ENSG00000070761	ensembl
renamed_since_gnomAD	CFAP210	CCDC173	ENSG00000154479	ensembl
alias_in_gnomAD	CFAP221	PCDP1	ENSG00000163075	ensembl
renamed_since_gnomAD	CFAP251	WDR66	ENSG00000158023	ensembl
renamed_since_gnomAD	CFAP263	CCDC113	ENSG00000103021	ensembl
renamed_since_gnomAD	CFAP276	C1ORF194	ENSG00000179902	ensembl
renamed_since_gnomAD	CFAP298	C21ORF59	ENSG00000159079	ensembl
renamed_since_gnomAD	CFAP299	C4ORF22	ENSG00000197826	ensembl
renamed_since_gnomAD	CFAP300	C11ORF70	ENSG00000137691	ensembl
renamed_since_gnomAD	CFAP36	CCDC104	ENSG00000163001	ensembl
renamed_since_gnomAD	CFAP410	C21ORF2	ENSG00000160226	ensembl
renamed_since_gnomAD	CFAP418	C8ORF37	ENSG00000156172	ensembl
renamed_since_gnomAD	CFAP43	WDR96	ENSG00000197748	ensembl
renamed_since_gnomAD	CFAP44	WDR52	ENSG00000206530	ensembl
renamed_since_gnomAD	CFAP45	CCDC19	ENSG00000213085	ensembl
renamed_since_gnomAD	CFAP46	TTC40	ENSG00000171811	ensembl
renamed_since_gnomAD	CFAP47	CXORF22	ENSG00000165164	ensembl
renamed_since_gnomAD	CFAP52	WDR16	ENSG00000166596	ensembl
renamed_since_gnomAD	CFAP53	CCDC11	ENSG00000172361	ensembl
renamed_since_gnomAD	CFAP54	C12ORF55	ENSG00000188596	ensembl
renamed_since_gnomAD	CFAP57	WDR65	ENSG00000243710	ensembl
renamed_since_gnomAD	CFAP58	CCDC147	ENSG00000120051	ensembl
renamed_since_gnomAD	CFAP61	C20ORF26	ENSG00000089101	ensembl
renamed_since_gnomAD	CFAP65	CCDC108	ENSG00000181378	ensembl
renamed_since_gnomAD	CFAP68	C11ORF1	ENSG00000137720	ensembl
renamed_since_gnomAD	CFAP69	C7ORF63	ENSG00000105792	ensembl
renamed_since_gnomAD	CFAP70	TTC18	ENSG00000156042	ensembl
renamed_since_gnomAD	CFAP73	CCDC42B	ENSG00000186710	ensembl
renamed_since_gnomAD	CFAP74	C1ORF222	ENSG00000142609	ensembl
renamed_since_gnomAD	CFAP77	C9ORF171	ENSG00000188523	ensembl
renamed_since_gnomAD	CFAP90	C5ORF49	ENSG00000215217	ensembl
renamed_since_gnomAD	CFAP91	MAATS1	ENSG00000183833	ensembl
renamed_since_gnomAD	CFAP92	KIAA1257	ENSG00000114656	ensembl
renamed_since_gnomAD	CFAP95	C9ORF135	ENSG00000204711	ensembl
renamed_since_gnomAD	CFAP96	C4ORF47	ENSG00000205129	ensembl
renamed_since_gnomAD	CFAP97D1	C17ORF105	ENSG00000231256	ensembl
renamed_since_gnomAD	CFAP97	KIAA1430	ENSG00000164323	ensembl
symbol_differs_unverified	CFAP99	RP11-503N18.3	ENSG00000249428	transcript
renamed_since_gnomAD	CGAS	MB21D1	ENSG00000164430	ensembl
renamed_since_gnomAD	CGB3	CGB	ENSG00000104827	ensembl
renamed_since_gnomAD	CHCT1	C17ORF64	ENSG00000141371	ensembl
renamed_since_gnomAD	CHLSN	C7ORF50	ENSG00000146540	ensembl
renamed_since_gnomAD	CIAO2A	FAM96A	ENSG00000166797	ensembl
renamed_since_gnomAD	CIAO2B	FAM96B	ENSG00000166595	ensembl
renamed_since_gnomAD	CIAO3	NARFL	ENSG00000103245	ensembl
renamed_since_gnomAD	CIART	C1ORF51	ENSG00000159208	ensembl
renamed_since_gnomAD	CIBAR1	FAM92A1	ENSG00000188343	ensembl
renamed_since_gnomAD	CIBAR2	FAM92B	ENSG00000153789	ensembl
renamed_since_gnomAD	CILK1	ICK	ENSG00000112144	ensembl
renamed_since_gnomAD	CIMAP1A	ODF3	ENSG00000177947	ensembl
renamed_since_gnomAD	CIMAP1B	ODF3B	ENSG00000177989	ensembl
renamed_since_gnomAD	CIMAP1C	ODF3L1	ENSG00000182950	ensembl
renamed_since_gnomAD	CIMAP1D	ODF3L2	ENSG00000181781	ensembl
renamed_since_gnomAD	CIMAP2	C1ORF177	ENSG00000162398	ensembl
renamed_since_gnomAD	CIMAP3	PIFO	ENSG00000173947	ensembl
renamed_since_gnomAD	CIMIP1	C20ORF85	ENSG00000124237	ensembl
renamed_since_gnomAD	CIMIP2A	FAM166A	ENSG00000188163	ensembl
renamed_since_gnomAD	CIMIP2B	FAM166B	ENSG00000215187	ensembl
renamed_since_gnomAD	CIMIP2C	C2ORF70	ENSG00000173557	ensembl
renamed_since_gnomAD	CIMIP4	TEX33	ENSG00000185264	ensembl
renamed_since_gnomAD	CIMIP5	C2ORF50	ENSG00000150873	ensembl
renamed_since_gnomAD	CIMIP6	C2ORF73	ENSG00000177994	ensembl
renamed_since_gnomAD	CIMIP7	C3ORF84	ENSG00000236980	ensembl
renamed_since_gnomAD	CIP2A	KIAA1524	ENSG00000163507	ensembl
renamed_since_gnomAD	CIROZ	C1ORF127	ENSG00000175262	ensembl
renamed_since_gnomAD	CIRSR	CIR1	ENSG00000138433	ensembl
renamed_since_gnomAD	CLBA1	C14ORF79	ENSG00000140104	ensembl
symbol_differs_unverified	CLDN34	AC002365.1	ENSG00000234469	ensembl
renamed_since_gnomAD	CLMB	C16ORF74	ENSG00000154102	ensembl
renamed_since_gnomAD	CLTRN	TMEM27	ENSG00000147003	ensembl
renamed_since_gnomAD	CLXN	EFCAB1	ENSG00000034239	ensembl
renamed_since_gnomAD	CMKLR2	GPR1	ENSG00000183671	ensembl
renamed_since_gnomAD	CNMD	LECT1	ENSG00000136110	ensembl
renamed_since_gnomAD	CNOT12	TNKS1BP1	ENSG00000149115	ensembl
renamed_since_gnomAD	CNOT9	RQCD1	ENSG00000144580	ensembl
renamed_since_gnomAD	COA8	APOPT1	ENSG00000256053	ensembl
renamed_since_gnomAD	COP1	RFWD2	ENSG00000143207	ensembl
renamed_since_gnomAD	COPS9	MYEOV2	ENSG00000172428	ensembl
renamed_since_gnomAD	COQ8A	ADCK3	ENSG00000163050	ensembl
renamed_since_gnomAD	COQ8B	ADCK4	ENSG00000123815	ensembl
renamed_since_gnomAD	COXFA4	NDUFA4	ENSG00000189043	ensembl
renamed_since_gnomAD	COXFA4L2	NDUFA4L2	ENSG00000185633	ensembl
renamed_since_gnomAD	COXFA4L3	C15ORF48	ENSG00000166920	ensembl
renamed_since_gnomAD	CPAP	CENPJ	ENSG00000151849	ensembl
renamed_since_gnomAD	CPLANE1	C5ORF42	ENSG00000197603	ensembl
renamed_since_gnomAD	CPLANE2	RSG1	ENSG00000132881	ensembl
renamed_since_gnomAD	CPTP	GLTPD1	ENSG00000224051	ensembl
renamed_since_gnomAD	CRACDL	KIAA1211L	ENSG00000196872	ensembl
renamed_since_gnomAD	CRACD	KIAA1211	ENSG00000109265	ensembl
renamed_since_gnomAD	CRACR2A	EFCAB4B	ENSG00000130038	ensembl
renamed_since_gnomAD	CRACR2B	EFCAB4A	ENSG00000177685	ensembl
renamed_since_gnomAD	CRAMP1	CRAMP1L	ENSG00000007545	ensembl
renamed_since_gnomAD	CRIPTO	TDGF1	ENSG00000241186	ensembl
symbol_differs_unverified	CROCC2	AC104809.3	ENSG00000226321	ensembl
renamed_since_gnomAD	CRPPA	ISPD	ENSG00000214960	ensembl
renamed_since_gnomAD	CRYBG1	AIM1	ENSG00000112297	ensembl
renamed_since_gnomAD	CRYBG2	AIM1L	ENSG00000176092	ensembl
renamed_since_gnomAD	CSKMT	METTL12	ENSG00000214756	ensembl
renamed_since_gnomAD	CSTPP1	C11ORF49	ENSG00000149179	ensembl
renamed_since_gnomAD	CXCL8	IL8	ENSG00000169429	ensembl
renamed_since_gnomAD	CYBC1	C17ORF62	ENSG00000178927	ensembl
renamed_since_gnomAD	CYREN	C7ORF49	ENSG00000122783	ensembl
renamed_since_gnomAD	CYRIA	FAM49A	ENSG00000197872	ensembl
renamed_since_gnomAD	CYRIB	FAM49B	ENSG00000153310	ensembl
renamed_since_gnomAD	CYSRT1	C9ORF169	ENSG00000197191	ensembl
renamed_since_gnomAD	CZIB	C1ORF123	ENSG00000162384	ensembl
renamed_since_gnomAD	DARS1	DARS	ENSG00000115866	ensembl
renamed_since_gnomAD	DCAF1	VPRBP	ENSG00000145041	ensembl
renamed_since_gnomAD	DCANP1	C5ORF20	ENSG00000251380	ensembl
renamed_since_gnomAD	DCPH1	C6ORF211	ENSG00000146476	ensembl
renamed_since_gnomAD	DDIAS	C11ORF82	ENSG00000165490	ensembl
symbol_differs_unverified	DEFB130B	DEFB130	ENSG00000233050	ensembl
renamed_since_gnomAD	DEFB131A	DEFB131	ENSG00000186146	ensembl
renamed_since_gnomAD	DELE1	KIAA0141	ENSG00000081791	ensembl
renamed_since_gnomAD	DENND10	FAM45A	ENSG00000119979	ensembl
renamed_since_gnomAD	DENND11	KIAA1147	ENSG00000257093	ensembl
renamed_since_gnomAD	DENND2B	ST5	ENSG00000166444	ensembl
renamed_since_gnomAD	DEPP1	C10ORF10	ENSG00000165507	ensembl
renamed_since_gnomAD	DEUP1	CCDC67	ENSG00000165325	ensembl
renamed_since_gnomAD	DGLUCY	C14ORF159	ENSG00000133943	ensembl
renamed_since_gnomAD	DHFR2	DHFRL1	ENSG00000178700	ensembl
renamed_since_gnomAD	DIPK1A	FAM69A	ENSG00000154511	ensembl
renamed_since_gnomAD	DIPK1B	FAM69B	ENSG00000165716	ensembl
renamed_since_gnomAD	DIPK1C	FAM69C	ENSG00000187773	ensembl
renamed_since_gnomAD	DIPK2A	C3ORF58	ENSG00000181744	ensembl
renamed_since_gnomAD	DIPK2B	CXORF36	ENSG00000147113	ensembl
renamed_since_gnomAD	DISP3	PTCHD2	ENSG00000204624	ensembl
renamed_since_gnomAD	DMAC1	TMEM261	ENSG00000137038	ensembl
renamed_since_gnomAD	DMAC2L	ATP5S	ENSG00000125375	ensembl
renamed_since_gnomAD	DMAC2	ATP5SL	ENSG00000105341	ensembl
renamed_since_gnomAD	DNAAF10	WDR92	ENSG00000243667	ensembl
renamed_since_gnomAD	DNAAF11	LRRC6	ENSG00000129295	ensembl
renamed_since_gnomAD	DNAAF19	CCDC103	ENSG00000167131	ensembl
renamed_since_gnomAD	DNAAF4	DYX1C1	ENSG00000256061	ensembl
renamed_since_gnomAD	DNAAF5	HEATR2	ENSG00000164818	ensembl
renamed_since_gnomAD	DNAAF6	PIH1D3	ENSG00000080572	ensembl
renamed_since_gnomAD	DNAAF8	C16ORF71	ENSG00000166246	ensembl
renamed_since_gnomAD	DNAAF9	C20ORF194	ENSG00000088854	ensembl
renamed_since_gnomAD	DNAI3	WDR63	ENSG00000162643	ensembl
renamed_since_gnomAD	DNAI4	WDR78	ENSG00000152763	ensembl
renamed_since_gnomAD	DNAI7	CASC1	ENSG00000118307	ensembl
renamed_since_gnomAD	DOP1A	DOPEY1	ENSG00000083097	ensembl
renamed_since_gnomAD	DOP1B	DOPEY2	ENSG00000142197	ensembl
renamed_since_gnomAD	DORIP1	C14ORF28	ENSG00000179476	ensembl
symbol_differs_unverified	DRC10	IQCD	ENSG00000166578	ensembl
symbol_differs_unverified	DRC11	IQCA1	ENSG00000132321	ensembl
renamed_since_gnomAD	DRC12	CCDC153	ENSG00000248712	ensembl
renamed_since_gnomAD	DRC2	CCDC65	ENSG00000139537	ensembl
renamed_since_gnomAD	DRC3	LRRC48	ENSG00000171962	ensembl
renamed_since_gnomAD	DRC4	GAS8	ENSG00000141013	ensembl
renamed_since_gnomAD	DRC5	TCTE1	ENSG00000146221	ensembl
renamed_since_gnomAD	DRC7	CCDC135	ENSG00000159625	ensembl
renamed_since_gnomAD	DRC8	EFCAB2	ENSG00000203666	ensembl
renamed_since_gnomAD	DRC9	IQCG	ENSG00000114473	ensembl
renamed_since_gnomAD	DRICH1	C22ORF43	ENSG00000189269	ensembl
renamed_since_gnomAD	DUSP13B	DUSP13	ENSG00000079393	ensembl
renamed_since_gnomAD	DUSP29	DUPD1	ENSG00000188716	ensembl
renamed_since_gnomAD	DYNC2I1	WDR60	ENSG00000126870	ensembl
renamed_since_gnomAD	DYNC2I2	WDR34	ENSG00000119333	ensembl
renamed_since_gnomAD	DYNLT2B	TCTEX1D2	ENSG00000213123	ensembl
renamed_since_gnomAD	DYNLT2	TCTE3	ENSG00000184786	ensembl
renamed_since_gnomAD	DYNLT4	TCTEX1D4	ENSG00000188396	ensembl
renamed_since_gnomAD	DYNLT5	TCTEX1D1	ENSG00000152760	ensembl
renamed_since_gnomAD	ECPAS	KIAA0368	ENSG00000136813	ensembl
renamed_since_gnomAD	ECRG4	C2ORF40	ENSG00000119147	ensembl
renamed_since_gnomAD	EEF1AKMT1	N6AMT2	ENSG00000150456	ensembl
renamed_since_gnomAD	EEF1AKMT2	METTL10	ENSG00000203791	ensembl
renamed_since_gnomAD	EEF1AKMT3	METTL21B	ENSG00000123427	ensembl
renamed_since_gnomAD	EEF2KMT	FAM86A	ENSG00000118894	ensembl
renamed_since_gnomAD	EEIG1	FAM102A	ENSG00000167106	ensembl
renamed_since_gnomAD	EEIG2	FAM102B	ENSG00000162636	ensembl
renamed_since_gnomAD	EFL1	EFTUD1	ENSG00000140598	ensembl
symbol_differs_unverified	EIF2S3B	EIF2S3L	ENSG00000180574	ensembl
renamed_since_gnomAD	EIPR1	TSSC1	ENSG00000032389	ensembl
renamed_since_gnomAD	ELAPOR1	KIAA1324	ENSG00000116299	ensembl
renamed_since_gnomAD	ELAPOR2	KIAA1324L	ENSG00000164659	ensembl
renamed_since_gnomAD	ELOA2	TCEB3B	ENSG00000206181	ensembl
renamed_since_gnomAD	ELOA	TCEB3	ENSG00000011007	ensembl
renamed_since_gnomAD	ELOB	TCEB2	ENSG00000103363	ensembl
renamed_since_gnomAD	ELOC	TCEB1	ENSG00000154582	ensembl
renamed_since_gnomAD	ELP1	IKBKAP	ENSG00000070061	ensembl
renamed_since_gnomAD	EMSY	C11ORF30	ENSG00000158636	ensembl
renamed_since_gnomAD	ENTR1	SDCCAG3	ENSG00000165689	ensembl
renamed_since_gnomAD	ENTREP1	FAM189A2	ENSG00000135063	ensembl
renamed_since_gnomAD	ENTREP2	FAM189A1	ENSG00000104059	ensembl
renamed_since_gnomAD	ENTREP3	FAM189B	ENSG00000160767	ensembl
renamed_since_gnomAD	EOLA1	CXORF40A	ENSG00000197620	ensembl
renamed_since_gnomAD	EOLA2	CXORF40B	ENSG00000197021	ensembl
renamed_since_gnomAD	EPCIP	C21ORF62	ENSG00000205929	ensembl
possible_missed_match	EPOP	C17ORF96	ENSG00000179294	
renamed_since_gnomAD	EPRS1	EPRS	ENSG00000136628	ensembl
renamed_since_gnomAD	ERBIN	ERBB2IP	ENSG00000112851	ensembl
renamed_since_gnomAD	ERFE	FAM132B	ENSG00000178752	ensembl
renamed_since_gnomAD	ERG28	C14ORF1	ENSG00000133935	ensembl
renamed_since_gnomAD	ERICH3	C1ORF173	ENSG00000178965	ensembl
renamed_since_gnomAD	ERICH4	C19ORF69	ENSG00000204978	ensembl
renamed_since_gnomAD	ERICH5	C8ORF47	ENSG00000177459	ensembl
renamed_since_gnomAD	ERICH6B	FAM194B	ENSG00000165837	ensembl
renamed_since_gnomAD	ERICH6	FAM194A	ENSG00000163645	ensembl
renamed_since_gnomAD	ERLN	SMIM6	ENSG00000259120	ensembl
renamed_since_gnomAD	ERO1A	ERO1L	ENSG00000197930	ensembl
renamed_since_gnomAD	ERO1B	ERO1LB	ENSG00000086619	ensembl
renamed_since_gnomAD	ESS2	DGCR14	ENSG00000100056	ensembl
renamed_since_gnomAD	ETFBKMT	METTL20	ENSG00000139160	ensembl
renamed_since_gnomAD	ETFRF1	LYRM5	ENSG00000205707	ensembl
renamed_since_gnomAD	EZHIP	CXORF67	ENSG00000187690	ensembl
renamed_since_gnomAD	FAAP100	C17ORF70	ENSG00000185504	ensembl
renamed_since_gnomAD	FAAP20	C1ORF86	ENSG00000162585	ensembl
renamed_since_gnomAD	FAAP24	C19ORF40	ENSG00000131944	ensembl
renamed_since_gnomAD	FAM174C	C19ORF24	ENSG00000228300	ensembl
renamed_since_gnomAD	FAM234A	ITFG3	ENSG00000167930	ensembl
renamed_since_gnomAD	FAM234B	KIAA1467	ENSG00000084444	ensembl
symbol_differs_unverified	FAM240C	AC131097.4	ENSG00000216921	ensembl
renamed_since_gnomAD	FAM241A	C4ORF32	ENSG00000174749	ensembl
renamed_since_gnomAD	FAM241B	C10ORF35	ENSG00000171224	ensembl
renamed_since_gnomAD	FBH1	FBXO18	ENSG00000134452	ensembl
renamed_since_gnomAD	FBXW10B	CDRT1	ENSG00000241322	ensembl
renamed_since_gnomAD	FCMR	FAIM3	ENSG00000162894	ensembl
renamed_since_gnomAD	FCSK	FUK	ENSG00000157353	ensembl
renamed_since_gnomAD	FDX2	FDX1L	ENSG00000267673	ensembl
renamed_since_gnomAD	FERRY3	C12ORF4	ENSG00000047621	ensembl
renamed_since_gnomAD	FHIP1A	FAM160A1	ENSG00000164142	ensembl
renamed_since_gnomAD	FHIP1B	FAM160A2	ENSG00000051009	ensembl
renamed_since_gnomAD	FHIP2A	FAM160B1	ENSG00000151553	ensembl
renamed_since_gnomAD	FHIP2B	FAM160B2	ENSG00000158863	ensembl
renamed_since_gnomAD	FIMP1	C16ORF92	ENSG00000167194	ensembl
renamed_since_gnomAD	FIRRM	C1ORF112	ENSG00000000460	ensembl
renamed_since_gnomAD	FLACC1	ALS2CR12	ENSG00000155749	ensembl
renamed_since_gnomAD	FMC1	C7ORF55	ENSG00000164898	ensembl
renamed_since_gnomAD	FNDC10	C1ORF233	ENSG00000228594	ensembl
renamed_since_gnomAD	FNDC11	C20ORF195	ENSG00000125531	ensembl
renamed_since_gnomAD	FOXL2NB	C3ORF72	ENSG00000206262	ensembl
renamed_since_gnomAD	FREY1	C11ORF94	ENSG00000234776	ensembl
renamed_since_gnomAD	FSAF1	C1ORF131	ENSG00000143633	ensembl
renamed_since_gnomAD	FYB1	FYB	ENSG00000082074	ensembl
renamed_since_gnomAD	FYB2	C1ORF168	ENSG00000187889	ensembl
renamed_since_gnomAD	G6PC1	G6PC	ENSG00000131482	ensembl
renamed_since_gnomAD	GALNT17	WBSCR17	ENSG00000185274	ensembl
renamed_since_gnomAD	GAREM1	GAREM	ENSG00000141441	ensembl
renamed_since_gnomAD	GAREM2	GAREML	ENSG00000157833	ensembl
renamed_since_gnomAD	GARIN1A	FAM71F2	ENSG00000205085	ensembl
renamed_since_gnomAD	GARIN1B	FAM71F1	ENSG00000135248	ensembl
renamed_since_gnomAD	GARIN3	FAM71B	ENSG00000170613	ensembl
renamed_since_gnomAD	GARIN4	FAM71A	ENSG00000162771	ensembl
renamed_since_gnomAD	GARIN5A	FAM71E1	ENSG00000142530	ensembl
renamed_since_gnomAD	GARIN5B	FAM71E2	ENSG00000180043	ensembl
renamed_since_gnomAD	GARIN6	FAM71C	ENSG00000180219	ensembl
renamed_since_gnomAD	GARRE1	KIAA0355	ENSG00000166398	ensembl
renamed_since_gnomAD	GARS1	GARS	ENSG00000106105	ensembl
renamed_since_gnomAD	GASK1A	FAM198A	ENSG00000144649	ensembl
renamed_since_gnomAD	GASK1B	FAM198B	ENSG00000164125	ensembl
renamed_since_gnomAD	GATB	PET112	ENSG00000059691	ensembl
renamed_since_gnomAD	GATD1	PDDC1	ENSG00000177225	ensembl
renamed_since_gnomAD	GATD3	C21ORF33	ENSG00000160221	ensembl
renamed_since_gnomAD	GBA1	GBA	ENSG00000177628	ensembl
renamed_since_gnomAD	GCN1	GCN1L1	ENSG00000089154	ensembl
renamed_since_gnomAD	GCNA	ACRC	ENSG00000147174	ensembl
renamed_since_gnomAD	GET1	WRB	ENSG00000182093	ensembl
renamed_since_gnomAD	GET3	ASNA1	ENSG00000198356	ensembl
renamed_since_gnomAD	GFUS	TSTA3	ENSG00000104522	ensembl
renamed_since_gnomAD	GLMP	C1ORF85	ENSG00000198715	ensembl
renamed_since_gnomAD	GNG5B	GNG5P2	ENSG00000133136	ensembl
renamed_since_gnomAD	GOLM2	CASC4	ENSG00000166734	ensembl
renamed_since_gnomAD	GON7	C14ORF142	ENSG00000170270	ensembl
renamed_since_gnomAD	GPAT3	AGPAT9	ENSG00000138678	ensembl
renamed_since_gnomAD	GPAT4	AGPAT6	ENSG00000158669	ensembl
renamed_since_gnomAD	GPHRA	GPR89A	ENSG00000117262	ensembl
renamed_since_gnomAD	GPHRB	GPR89B	ENSG00000188092	ensembl
renamed_since_gnomAD	GPR15LG	C10ORF99	ENSG00000188373	ensembl
renamed_since_gnomAD	GPRASP3	BHLHB9	ENSG00000198908	ensembl
renamed_since_gnomAD	GRAMD2A	GRAMD2	ENSG00000175318	ensembl
renamed_since_gnomAD	GRAMD2B	GRAMD3	ENSG00000155324	ensembl
renamed_since_gnomAD	GRK2	ADRBK1	ENSG00000173020	ensembl
renamed_since_gnomAD	GRK3	ADRBK2	ENSG00000100077	ensembl
renamed_since_gnomAD	GSDME	DFNA5	ENSG00000105928	ensembl
symbol_differs_unverified	GSG1L2	RP11-477N12.3	ENSG00000214978	ensembl
renamed_since_gnomAD	GUCY1A1	GUCY1A3	ENSG00000164116	ensembl
renamed_since_gnomAD	GUCY1B1	GUCY1B3	ENSG00000061918	ensembl
symbol_differs_unverified	GVQW3	RP11-111M22.2	ENSG00000179240	ensembl
renamed_since_gnomAD	H1-0	H1F0	ENSG00000189060	ensembl
renamed_since_gnomAD	H1-10	H1FX	ENSG00000184897	ensembl
renamed_since_gnomAD	H1-1	HIST1H1A	ENSG00000124610	ensembl
renamed_since_gnomAD	H1-2	HIST1H1C	ENSG00000187837	ensembl
renamed_since_gnomAD	H1-3	HIST1H1D	ENSG00000124575	ensembl
renamed_since_gnomAD	H1-4	HIST1H1E	ENSG00000168298	ensembl
renamed_since_gnomAD	H1-5	HIST1H1B	ENSG00000184357	ensembl
renamed_since_gnomAD	H1-6	HIST1H1T	ENSG00000187475	ensembl
renamed_since_gnomAD	H1-7	H1FNT	ENSG00000187166	ensembl
renamed_since_gnomAD	H1-8	H1FOO	ENSG00000178804	ensembl
possible_missed_match	H2AB1	H2AFB1	ENSG00000198082	
renamed_since_gnomAD	H2AC11	HIST1H2AG	ENSG00000196787	ensembl
renamed_since_gnomAD	H2AC12	HIST1H2AH	ENSG00000184825	transcript
renamed_since_gnomAD	H2AC13	HIST1H2AI	ENSG00000196747	ensembl
renamed_since_gnomAD	H2AC14	HIST1H2AJ	ENSG00000182611	transcript
possible_missed_match	H2AC15	HIST1H2AK	ENSG00000184348	
possible_missed_match	H2AC16	HIST1H2AL	ENSG00000198374	
renamed_since_gnomAD	H2AC17	HIST1H2AM	ENSG00000233224	transcript
renamed_since_gnomAD	H2AC1	HIST1H2AA	ENSG00000164508	ensembl
renamed_since_gnomAD	H2AC20	HIST2H2AC	ENSG00000184260	ensembl
renamed_since_gnomAD	H2AC21	HIST2H2AB	ENSG00000184270	ensembl
renamed_since_gnomAD	H2AC25	HIST3H2A	ENSG00000181218	ensembl
possible_missed_match	H2AC4	HIST1H2AB	ENSG00000137259	
renamed_since_gnomAD	H2AC6	HIST1H2AC	ENSG00000180573	ensembl
renamed_since_gnomAD	H2AC7	HIST1H2AD	ENSG00000196866	ensembl
renamed_since_gnomAD	H2AC8	HIST1H2AE	ENSG00000168274	transcript
renamed_since_gnomAD	H2AJ	H2AFJ	ENSG00000246705	ensembl
renamed_since_gnomAD	H2AP	CXORF27	ENSG00000187516	ensembl
renamed_since_gnomAD	H2AX	H2AFX	ENSG00000188486	ensembl
renamed_since_gnomAD	H2AZ1	H2AFZ	ENSG00000164032	ensembl
renamed_since_gnomAD	H2AZ2	H2AFV	ENSG00000105968	ensembl
renamed_since_gnomAD	H2BC10	HIST1H2BI	ENSG00000168242	transcript
renamed_since_gnomAD	H2BC11	HIST1H2BJ	ENSG00000124635	ensembl
renamed_since_gnomAD	H2BC12	HIST1H2BK	ENSG00000197903	ensembl
renamed_since_gnomAD	H2BC13	HIST1H2BL	ENSG00000185130	ensembl
possible_missed_match	H2BC14	HIST1H2BM	ENSG00000196374	
renamed_since_gnomAD	H2BC15	HIST1H2BN	ENSG00000233822	ensembl
possible_missed_match	H2BC17	HIST1H2BO	ENSG00000196331	
renamed_since_gnomAD	H2BC18	HIST2H2BF	ENSG00000203814	ensembl
renamed_since_gnomAD	H2BC1	HIST1H2BA	ENSG00000146047	ensembl
renamed_since_gnomAD	H2BC21	HIST2H2BE	ENSG00000184678	ensembl
renamed_since_gnomAD	H2BC26	HIST3H2BB	ENSG00000196890	ensembl
possible_missed_match	H2BC3	HIST1H2BB	ENSG00000196226	
renamed_since_gnomAD	H2BC4	HIST1H2BC	ENSG00000180596	ensembl
renamed_since_gnomAD	H2BC5	HIST1H2BD	ENSG00000158373	ensembl
symbol_differs_unverified	H2BC7	HIST1H2BE	ENSG00000197697	transcript
possible_missed_match	H2BC8	HIST1H2BG	ENSG00000187990	
possible_missed_match	H2BC9	HIST1H2BH	ENSG00000197459	
renamed_since_gnomAD	H2BW1	H2BFWT	ENSG00000123569	ensembl
renamed_since_gnomAD	H2BW2	H2BFM	ENSG00000101812	ensembl
renamed_since_gnomAD	H3-3A	H3F3A	ENSG00000163041	ensembl
renamed_since_gnomAD	H3-3B	H3F3B	ENSG00000132475	ensembl
renamed_since_gnomAD	H3-4	HIST3H3	ENSG00000168148	ensembl
renamed_since_gnomAD	H3-5	H3F3C	ENSG00000188375	ensembl
renamed_since_gnomAD	H3-7	HIST2H3PS2	ENSG00000203818	transcript
renamed_since_gnomAD	H3C10	HIST1H3H	ENSG00000203813	transcript
possible_missed_match	H3C11	HIST1H3I	ENSG00000182572	
renamed_since_gnomAD	H3C12	HIST1H3J	ENSG00000197153	ensembl
renamed_since_gnomAD	H3C13	HIST2H3D	ENSG00000183598	ensembl
possible_missed_match	H3C1	HIST1H3A	ENSG00000198366	
possible_missed_match	H3C2	HIST1H3B	ENSG00000124693	
possible_missed_match	H3C3	HIST1H3C	ENSG00000196532	
renamed_since_gnomAD	H3C4	HIST1H3D	ENSG00000197409	ensembl
possible_missed_match	H3C6	HIST1H3E	ENSG00000196966	
possible_missed_match	H3C7	HIST1H3F	ENSG00000256316	
possible_missed_match	H3C8	HIST1H3G	ENSG00000256018	
renamed_since_gnomAD	H4C11	HIST1H4J	ENSG00000197238	ensembl
possible_missed_match	H4C12	HIST1H4K	ENSG00000197914	
possible_missed_match	H4C13	HIST1H4L	ENSG00000198558	
renamed_since_gnomAD	H4C16	HIST4H4	ENSG00000197837	ensembl
possible_missed_match	H4C1	HIST1H4A	ENSG00000196176	
symbol_differs_unverified	H4C2	HIST1H4F	ENSG00000198327	transcript
renamed_since_gnomAD	H4C3	HIST1H4C	ENSG00000197061	ensembl
possible_missed_match	H4C4	HIST1H4D	ENSG00000188987	
possible_missed_match	H4C5	HIST1H4E	ENSG00000198518	
symbol_differs_unverified	H4C6	HIST1H4G	ENSG00000124578	transcript
renamed_since_gnomAD	H4C8	HIST1H4H	ENSG00000158406	ensembl
possible_missed_match	H4C9	HIST1H4I	ENSG00000198339	
renamed_since_gnomAD	HACD1	PTPLA	ENSG00000165996	ensembl
renamed_since_gnomAD	HACD2	PTPLB	ENSG00000206527	ensembl
renamed_since_gnomAD	HACD3	PTPLAD1	ENSG00000074696	ensembl
renamed_since_gnomAD	HACD4	PTPLAD2	ENSG00000188921	ensembl
renamed_since_gnomAD	HACL2	ILVBL	ENSG00000105135	ensembl
renamed_since_gnomAD	HAPSTR1	C16ORF72	ENSG00000182831	ensembl
renamed_since_gnomAD	HARS1	HARS	ENSG00000170445	ensembl
renamed_since_gnomAD	HASPIN	GSG2	ENSG00000177602	ensembl
alias_in_gnomAD	HDGFL2	HDGFRP2	ENSG00000167674	ensembl
alias_in_gnomAD	HDGFL3	HDGFRP3	ENSG00000166503	ensembl
renamed_since_gnomAD	HDHD5	CECR5	ENSG00000069998	ensembl
possible_missed_match	HEATR9	C17ORF66	ENSG00000172653	
renamed_since_gnomAD	HEMK2	N6AMT1	ENSG00000156239	ensembl
renamed_since_gnomAD	HEXD	HEXDC	ENSG00000169660	ensembl
renamed_since_gnomAD	HGH1	FAM203A	ENSG00000235173	ensembl
renamed_since_gnomAD	HIKESHI	C11ORF73	ENSG00000149196	ensembl
renamed_since_gnomAD	HJV	HFE2	ENSG00000168509	ensembl
renamed_since_gnomAD	HOATZ	C11ORF88	ENSG00000183644	ensembl
renamed_since_gnomAD	HPF1	C4ORF27	ENSG00000056050	ensembl
renamed_since_gnomAD	HROB	C17ORF53	ENSG00000125319	ensembl
gnomAD_symbol_now_other_gene	HTD2	RPP14	ENSG00000255154	ensembl
renamed_since_gnomAD	HYCC1	FAM126A	ENSG00000122591	ensembl
renamed_since_gnomAD	HYCC2	FAM126B	ENSG00000155744	ensembl
renamed_since_gnomAD	IARS1	IARS	ENSG00000196305	ensembl
renamed_since_gnomAD	ICE1	KIAA0947	ENSG00000164151	ensembl
renamed_since_gnomAD	ICE2	NARG2	ENSG00000128915	ensembl
renamed_since_gnomAD	IFT22	RABL5	ENSG00000128581	ensembl
renamed_since_gnomAD	IFT25	HSPB11	ENSG00000081870	ensembl
renamed_since_gnomAD	IFT38	CLUAP1	ENSG00000103351	ensembl
renamed_since_gnomAD	IFT54	TRAF3IP1	ENSG00000204104	ensembl
renamed_since_gnomAD	IFT56	TTC26	ENSG00000105948	ensembl
renamed_since_gnomAD	IFT70A	TTC30A	ENSG00000197557	ensembl
renamed_since_gnomAD	IFT70B	TTC30B	ENSG00000196659	ensembl
renamed_since_gnomAD	IFTAP	C11ORF74	ENSG00000166352	ensembl
renamed_since_gnomAD	IHO1	CCDC36	ENSG00000173421	ensembl
renamed_since_gnomAD	ILRUN	C6ORF106	ENSG00000196821	ensembl
renamed_since_gnomAD	INAFM1	PRR24	ENSG00000257704	ensembl
renamed_since_gnomAD	INAVA	C1ORF106	ENSG00000163362	ensembl
renamed_since_gnomAD	INKA1	FAM212A	ENSG00000185614	ensembl
renamed_since_gnomAD	INKA2	FAM212B	ENSG00000197852	ensembl
renamed_since_gnomAD	INSYN1	C15ORF59	ENSG00000205363	ensembl
renamed_since_gnomAD	INSYN2A	FAM196A	ENSG00000188916	ensembl
renamed_since_gnomAD	INSYN2B	FAM196B	ENSG00000204767	ensembl
renamed_since_gnomAD	INTS11	CPSF3L	ENSG00000127054	ensembl
renamed_since_gnomAD	INTS13	ASUN	ENSG00000064102	ensembl
renamed_since_gnomAD	INTS14	VWA9	ENSG00000138614	ensembl
renamed_since_gnomAD	INTS15	C7ORF26	ENSG00000146576	ensembl
renamed_since_gnomAD	INTS6L	DDX26B	ENSG00000165359	ensembl
renamed_since_gnomAD	IQCN	KIAA1683	ENSG00000130518	ensembl
renamed_since_gnomAD	IRAG1	MRVI1	ENSG00000072952	ensembl
renamed_since_gnomAD	IRAG2	LRMP	ENSG00000118308	ensembl
renamed_since_gnomAD	ITPRID1	CCDC129	ENSG00000180347	ensembl
renamed_since_gnomAD	ITPRID2	SSFA2	ENSG00000138434	ensembl
renamed_since_gnomAD	IZUMO1R	FOLR4	ENSG00000183560	ensembl
renamed_since_gnomAD	JAML	AMICA1	ENSG00000160593	ensembl
renamed_since_gnomAD	JCAD	KIAA1462	ENSG00000165757	ensembl
renamed_since_gnomAD	JCHAIN	IGJ	ENSG00000132465	ensembl
renamed_since_gnomAD	JHY	C11ORF63	ENSG00000109944	ensembl
renamed_since_gnomAD	JPT1	HN1	ENSG00000189159	ensembl
renamed_since_gnomAD	JPT2	HN1L	ENSG00000206053	ensembl
renamed_since_gnomAD	KARS1	KARS	ENSG00000065427	ensembl
renamed_since_gnomAD	KASH5	CCDC155	ENSG00000161609	ensembl
renamed_since_gnomAD	KAT14	CSRP2BP	ENSG00000149474	ensembl
renamed_since_gnomAD	KATNIP	KIAA0556	ENSG00000047578	ensembl
renamed_since_gnomAD	KCNE5	KCNE1L	ENSG00000176076	ensembl
renamed_since_gnomAD	KDF1	C1ORF172	ENSG00000175707	ensembl
renamed_since_gnomAD	KGD4	MRPS36	ENSG00000134056	ensembl
renamed_since_gnomAD	KHDC4	KIAA0907	ENSG00000132680	ensembl
symbol_differs_unverified	KIAA2012	AC079354.1	ENSG00000182329	ensembl
renamed_since_gnomAD	KICS2	C12ORF66	ENSG00000174206	ensembl
renamed_since_gnomAD	KIFBP	KIAA1279	ENSG00000198954	ensembl
renamed_since_gnomAD	KIRREL1	KIRREL	ENSG00000183853	ensembl
renamed_since_gnomAD	KMT5A	SETD8	ENSG00000183955	ensembl
renamed_since_gnomAD	KMT5B	SUV420H1	ENSG00000110066	ensembl
renamed_since_gnomAD	KMT5C	SUV420H2	ENSG00000133247	ensembl
renamed_since_gnomAD	KNL1	CASC5	ENSG00000137812	ensembl
renamed_since_gnomAD	KPLCE	C1ORF68	ENSG00000198854	ensembl
renamed_since_gnomAD	KRABD1	KRBOX1	ENSG00000240747	ensembl
renamed_since_gnomAD	KRABD2	KRBA2	ENSG00000184619	ensembl
renamed_since_gnomAD	KRABD3	KRBA1	ENSG00000133619	ensembl
renamed_since_gnomAD	KRABD4	KRBOX4	ENSG00000147121	ensembl
renamed_since_gnomAD	KRABD5	ZNF720	ENSG00000197302	ensembl
renamed_since_gnomAD	KRTAP4-16	KRTAP4-16P	ENSG00000241241	ensembl
renamed_since_gnomAD	KYAT1	CCBL1	ENSG00000171097	ensembl
renamed_since_gnomAD	KYAT3	CCBL2	ENSG00000137944	ensembl
renamed_since_gnomAD	LARGE1	LARGE	ENSG00000133424	ensembl
renamed_since_gnomAD	LARGE2	GYLTL1B	ENSG00000165905	ensembl
renamed_since_gnomAD	LARS1	LARS	ENSG00000133706	ensembl
renamed_since_gnomAD	LBHD1	C11ORF48	ENSG00000162194	ensembl
renamed_since_gnomAD	LDAF1	TMEM159	ENSG00000011638	ensembl
renamed_since_gnomAD	LDAH	C2ORF43	ENSG00000118961	ensembl
renamed_since_gnomAD	LHFPL6	LHFP	ENSG00000183722	ensembl
renamed_since_gnomAD	LHFPL7	TMEM211	ENSG00000206069	ensembl
renamed_since_gnomAD	LIAT1	C17ORF97	ENSG00000187624	ensembl
renamed_since_gnomAD	LINS1	LINS	ENSG00000140471	ensembl
renamed_since_gnomAD	LKAAEAR1	C20ORF201	ENSG00000171695	ensembl
renamed_since_gnomAD	LMNTD1	IFLTD1	ENSG00000152936	ensembl
renamed_since_gnomAD	LMNTD2	C11ORF35	ENSG00000185522	ensembl
renamed_since_gnomAD	LNPK	KIAA1715	ENSG00000144320	ensembl
renamed_since_gnomAD	LORICRIN	LOR	ENSG00000203782	ensembl
renamed_since_gnomAD	LRATD1	FAM84A	ENSG00000162981	ensembl
renamed_since_gnomAD	LRATD2	FAM84B	ENSG00000168672	ensembl
renamed_since_gnomAD	LRMDA	C10ORF11	ENSG00000148655	ensembl
gnomAD_symbol_now_other_gene	LRRC51	LRTOMT	ENSG00000184154	ensembl
renamed_since_gnomAD	LRRC74A	C14ORF166B	ENSG00000100565	ensembl
symbol_differs_unverified	LRRC74B	AC002472.13	ENSG00000187905	ensembl
renamed_since_gnomAD	LRRC75A	FAM211A	ENSG00000181350	ensembl
renamed_since_gnomAD	LRRC75B	FAM211B	ENSG00000178026	ensembl
renamed_since_gnomAD	LRTM3	CCDC168	ENSG00000175820	ensembl
gnomAD_symbol_now_other_gene	LSM8	NAA38	ENSG00000128534	ensembl
renamed_since_gnomAD	LTAP1	C1ORF43	ENSG00000143612	ensembl
renamed_since_gnomAD	LTO1	ORAOV1	ENSG00000149716	ensembl
symbol_differs_unverified	LUC7L2	C7ORF55-LUC7L2	ENSG00000146963	ensembl
alias_in_gnomAD	LVRN	AQPEP	ENSG00000172901	ensembl
symbol_differs_unverified	LY6L	RP11-520P18.5	ENSG00000261667	ensembl
renamed_since_gnomAD	LYSET	TMEM251	ENSG00000153485	ensembl
renamed_since_gnomAD	MAB21L4	C2ORF54	ENSG00000172478	ensembl
renamed_since_gnomAD	MACIR	C5ORF30	ENSG00000181751	ensembl
renamed_since_gnomAD	MACO1	TMEM57	ENSG00000204178	ensembl
renamed_since_gnomAD	MACROH2A1	H2AFY	ENSG00000113648	ensembl
renamed_since_gnomAD	MACROH2A2	H2AFY2	ENSG00000099284	ensembl
renamed_since_gnomAD	MAIP1	C2ORF47	ENSG00000162972	ensembl
renamed_since_gnomAD	MAJIN	C11ORF85	ENSG00000168070	ensembl
alias_in_gnomAD	MAP3K20	MLTK	ENSG00000091436	ensembl
alias_in_gnomAD	MAP3K21	MLK4	ENSG00000143674	ensembl
renamed_since_gnomAD	MAPDA	ADAL	ENSG00000168803	ensembl
renamed_since_gnomAD	MARCHF10	MARCH10	ENSG00000173838	ensembl
renamed_since_gnomAD	MARCHF11	MARCH11	ENSG00000183654	ensembl
renamed_since_gnomAD	MARCHF1	MARCH1	ENSG00000145416	ensembl
renamed_since_gnomAD	MARCHF2	MARCH2	ENSG00000099785	ensembl
renamed_since_gnomAD	MARCHF3	MARCH3	ENSG00000173926	ensembl
renamed_since_gnomAD	MARCHF4	MARCH4	ENSG00000144583	ensembl
renamed_since_gnomAD	MARCHF5	MARCH5	ENSG00000198060	ensembl
renamed_since_gnomAD	MARCHF6	MARCH6	ENSG00000145495	ensembl
renamed_since_gnomAD	MARCHF7	MARCH7	ENSG00000136536	ensembl
renamed_since_gnomAD	MARCHF8	MARCH8	ENSG00000165406	ensembl
renamed_since_gnomAD	MARCHF9	MARCH9	ENSG00000139266	ensembl
renamed_since_gnomAD	MARF1	KIAA0430	ENSG00000166783	ensembl
renamed_since_gnomAD	MARS1	MARS	ENSG00000166986	ensembl
renamed_since_gnomAD	MATCAP1	KIAA0895L	ENSG00000196123	ensembl
renamed_since_gnomAD	MATCAP2	KIAA0895	ENSG00000164542	ensembl
renamed_since_gnomAD	MCEMP1	C19ORF59	ENSG00000183019	ensembl
renamed_since_gnomAD	MCRIP1	FAM195B	ENSG00000225663	ensembl
renamed_since_gnomAD	MCRIP2	FAM195A	ENSG00000172366	ensembl
renamed_since_gnomAD	MCUB	CCDC109B	ENSG00000005059	ensembl
renamed_since_gnomAD	MEAK7	TLDC1	ENSG00000140950	ensembl
renamed_since_gnomAD	MEIOC	C17ORF104	ENSG00000180336	ensembl
symbol_differs_unverified	MEIOSIN	AC074212.3	ENSG00000237452	ensembl
renamed_since_gnomAD	MELTF	MFI2	ENSG00000163975	ensembl
renamed_since_gnomAD	MESD	MESDC2	ENSG00000117899	ensembl
renamed_since_gnomAD	METTL25B	RRNAD1	ENSG00000143303	ensembl
renamed_since_gnomAD	METTL26	C16ORF13	ENSG00000130731	ensembl
renamed_since_gnomAD	METTL27	WBSCR27	ENSG00000165171	ensembl
symbol_differs_unverified	MGAM2	RP11-1220K2.2	ENSG00000257743	ensembl
symbol_differs_unverified	MGAT4D	RP11-542P2.1	ENSG00000205301	ensembl
renamed_since_gnomAD	MIA2	CTAGE5	ENSG00000150527	ensembl
renamed_since_gnomAD	MICOS10	MINOS1	ENSG00000173436	ensembl
renamed_since_gnomAD	MICOS13	C19ORF70	ENSG00000174917	ensembl
renamed_since_gnomAD	MIDEAS	ELMSAN1	ENSG00000156030	ensembl
renamed_since_gnomAD	MIGA1	FAM73A	ENSG00000180488	ensembl
renamed_since_gnomAD	MIGA2	FAM73B	ENSG00000148343	ensembl
renamed_since_gnomAD	MIMS1	FAM210A	ENSG00000177150	ensembl
renamed_since_gnomAD	MIMS2	FAM210B	ENSG00000124098	ensembl
renamed_since_gnomAD	MINAR1	KIAA1024	ENSG00000169330	ensembl
renamed_since_gnomAD	MINAR2	KIAA1024L	ENSG00000186367	ensembl
renamed_since_gnomAD	MINDY1	FAM63A	ENSG00000143409	ensembl
renamed_since_gnomAD	MINDY2	FAM63B	ENSG00000128923	ensembl
renamed_since_gnomAD	MINDY3	FAM188A	ENSG00000148481	ensembl
renamed_since_gnomAD	MINDY4B	FAM188B2	ENSG00000214237	ensembl
renamed_since_gnomAD	MINDY4	FAM188B	ENSG00000106125	ensembl
renamed_since_gnomAD	MISO1	C3ORF33	ENSG00000174928	ensembl
symbol_differs_unverified	MISP3	HSA-MIR-1199	ENSG00000141854	ensembl
renamed_since_gnomAD	MIX23	CCDC58	ENSG00000160124	ensembl
renamed_since_gnomAD	MKRN2OS	C3ORF83	ENSG00000225526	ensembl
renamed_since_gnomAD	MMUT	MUT	ENSG00000146085	ensembl
renamed_since_gnomAD	MNMIP1	SH3D21	ENSG00000214193	ensembl
renamed_since_gnomAD	MOSMO	C16ORF52	ENSG00000185716	ensembl
renamed_since_gnomAD	MPIG6B	C6ORF25	ENSG00000204420	ensembl
renamed_since_gnomAD	MRE11	MRE11A	ENSG00000020922	ensembl
renamed_since_gnomAD	MRM2	FTSJ2	ENSG00000122687	ensembl
renamed_since_gnomAD	MRM3	RNMTL1	ENSG00000171861	ensembl
renamed_since_gnomAD	MRNIP	C5ORF45	ENSG00000161010	ensembl
renamed_since_gnomAD	MRPL57	MRP63	ENSG00000173141	ensembl
renamed_since_gnomAD	MRPL58	ICT1	ENSG00000167862	ensembl
renamed_since_gnomAD	MRTFA	MKL1	ENSG00000196588	ensembl
renamed_since_gnomAD	MRTFB	MKL2	ENSG00000186260	ensembl
renamed_since_gnomAD	MTARC1	MARC1	ENSG00000186205	ensembl
renamed_since_gnomAD	MTARC2	MARC2	ENSG00000117791	ensembl
renamed_since_gnomAD	MTCL1	SOGA2	ENSG00000168502	ensembl
renamed_since_gnomAD	MTCL2	SOGA1	ENSG00000149639	ensembl
renamed_since_gnomAD	MTCL3	SOGA3	ENSG00000214338	ensembl
renamed_since_gnomAD	MTERF1	MTERF	ENSG00000127989	ensembl
renamed_since_gnomAD	MTERF2	MTERFD3	ENSG00000120832	ensembl
renamed_since_gnomAD	MTERF3	MTERFD1	ENSG00000156469	ensembl
renamed_since_gnomAD	MTERF4	MTERFD2	ENSG00000122085	ensembl
renamed_since_gnomAD	MTNAP1	C17ORF80	ENSG00000141219	ensembl
renamed_since_gnomAD	MTRES1	C6ORF203	ENSG00000130349	ensembl
renamed_since_gnomAD	MTREX	SKIV2L2	ENSG00000039123	ensembl
renamed_since_gnomAD	MTRFR	C12ORF65	ENSG00000130921	ensembl
renamed_since_gnomAD	MTSS2	MTSS1L	ENSG00000132613	ensembl
renamed_since_gnomAD	MUCL3	DPCR1	ENSG00000168631	ensembl
renamed_since_gnomAD	MYDGF	C19ORF10	ENSG00000074842	ensembl
renamed_since_gnomAD	MYG1	C12ORF10	ENSG00000139637	ensembl
renamed_since_gnomAD	MYL11	MYLPF	ENSG00000180209	ensembl
renamed_since_gnomAD	MYMK	TMEM8C	ENSG00000187616	ensembl
renamed_since_gnomAD	MYORG	KIAA1161	ENSG00000164976	ensembl
renamed_since_gnomAD	NAA38	LSMD1	ENSG00000183011	ensembl
renamed_since_gnomAD	NAA80	NAT6	ENSG00000243477	ensembl
renamed_since_gnomAD	NALF1	FAM155A	ENSG00000204442	ensembl
renamed_since_gnomAD	NALF2	FAM155B	ENSG00000130054	ensembl
renamed_since_gnomAD	NAPRT	NAPRT1	ENSG00000147813	ensembl
renamed_since_gnomAD	NARS1	NARS	ENSG00000134440	ensembl
possible_missed_match	NATD1	C17ORF103	ENSG00000154035	
renamed_since_gnomAD	NAXD	CARKD	ENSG00000213995	ensembl
renamed_since_gnomAD	NAXE	APOA1BP	ENSG00000163382	ensembl
renamed_since_gnomAD	NCBP3	C17ORF85	ENSG00000074356	ensembl
renamed_since_gnomAD	NDUFAF8	C17ORF89	ENSG00000224877	ensembl
renamed_since_gnomAD	NECTIN1	PVRL1	ENSG00000110400	ensembl
renamed_since_gnomAD	NECTIN2	PVRL2	ENSG00000130202	ensembl
renamed_since_gnomAD	NECTIN3	PVRL3	ENSG00000177707	ensembl
renamed_since_gnomAD	NECTIN4	PVRL4	ENSG00000143217	ensembl
renamed_since_gnomAD	NEMP1	TMEM194A	ENSG00000166881	ensembl
renamed_since_gnomAD	NEMP2	TMEM194B	ENSG00000189362	ensembl
renamed_since_gnomAD	NEXMIF	KIAA2022	ENSG00000050030	ensembl
renamed_since_gnomAD	NHERF1	SLC9A3R1	ENSG00000109062	ensembl
renamed_since_gnomAD	NHERF2	SLC9A3R2	ENSG00000065054	ensembl
renamed_since_gnomAD	NHERF4	PDZD3	ENSG00000172367	ensembl
renamed_since_gnomAD	NHSL3	KIAA1522	ENSG00000162522	ensembl
renamed_since_gnomAD	NIBAN1	FAM129A	ENSG00000135842	ensembl
renamed_since_gnomAD	NIBAN2	FAM129B	ENSG00000136830	ensembl
renamed_since_gnomAD	NIBAN3	FAM129C	ENSG00000167483	ensembl
renamed_since_gnomAD	NICOL1	C4ORF48	ENSG00000243449	ensembl
renamed_since_gnomAD	NIPSNAP2	GBAS	ENSG00000146729	ensembl
renamed_since_gnomAD	NKAPD1	C11ORF57	ENSG00000150776	ensembl
gnomAD_symbol_now_other_gene	NME2	NME1-NME2	ENSG00000243678	ensembl
renamed_since_gnomAD	NOAZFP	ZNF330	ENSG00000109445	ensembl
renamed_since_gnomAD	NOCT	CCRN4L	ENSG00000151014	ensembl
renamed_since_gnomAD	NOL4L	C20ORF112	ENSG00000197183	ensembl
renamed_since_gnomAD	NOP53	GLTSCR2	ENSG00000105373	ensembl
renamed_since_gnomAD	NOPCHAP1	C12ORF45	ENSG00000151131	ensembl
possible_missed_match	NOTCH2NLA	NOTCH2NL	ENSG00000213240	
symbol_differs_unverified	NPIPB13	RP11-347C12.1	ENSG00000198064	ensembl
symbol_differs_unverified	NPIPB2	RP11-166B2.1	ENSG00000234719	ensembl
renamed_since_gnomAD	NRDC	NRD1	ENSG00000078618	ensembl
renamed_since_gnomAD	NSD2	WHSC1	ENSG00000109685	ensembl
renamed_since_gnomAD	NSD3	WHSC1L1	ENSG00000147548	ensembl
renamed_since_gnomAD	NSMCE3	NDNL2	ENSG00000185115	ensembl
renamed_since_gnomAD	NTAQ1	WDYHV1	ENSG00000156795	ensembl
renamed_since_gnomAD	NTMT2	METTL11B	ENSG00000203740	ensembl
renamed_since_gnomAD	NUCLEOLIN	NCL	ENSG00000115053	ensembl
renamed_since_gnomAD	NUP42	NUPL2	ENSG00000136243	ensembl
renamed_since_gnomAD	NUP58	NUPL1	ENSG00000139496	ensembl
renamed_since_gnomAD	NUPR2	NUPR1L	ENSG00000185290	ensembl
renamed_since_gnomAD	NWD2	KIAA1239	ENSG00000174145	ensembl
renamed_since_gnomAD	OBI1	RNF219	ENSG00000152193	ensembl
renamed_since_gnomAD	ODAD1	CCDC114	ENSG00000105479	ensembl
renamed_since_gnomAD	ODAD2	ARMC4	ENSG00000169126	ensembl
renamed_since_gnomAD	ODAD3	CCDC151	ENSG00000198003	ensembl
renamed_since_gnomAD	ODAPH	C4ORF26	ENSG00000174792	ensembl
renamed_since_gnomAD	ODR4	C1ORF27	ENSG00000157181	ensembl
renamed_since_gnomAD	OGA	MGEA5	ENSG00000198408	ensembl
renamed_since_gnomAD	OPRPN	PROL1	ENSG00000171199	ensembl
gnomAD_symbol_now_other_gene	OR4M2B	OR4M2	ENSG00000182974	ensembl
renamed_since_gnomAD	OR51H1	OR51H1P	ENSG00000176904	ensembl
possible_missed_match	OR8U3	OR5R1	ENSG00000174942	
renamed_since_gnomAD	OTULIN	FAM105B	ENSG00000154124	ensembl
renamed_since_gnomAD	OTULINL	FAM105A	ENSG00000145569	ensembl
renamed_since_gnomAD	P3H1	LEPRE1	ENSG00000117385	ensembl
renamed_since_gnomAD	P3H2	LEPREL1	ENSG00000090530	ensembl
renamed_since_gnomAD	P3H3	LEPREL2	ENSG00000110811	ensembl
renamed_since_gnomAD	P3H4	LEPREL4	ENSG00000141696	ensembl
renamed_since_gnomAD	PABIR1	FAM122A	ENSG00000187866	ensembl
renamed_since_gnomAD	PABIR2	FAM122B	ENSG00000156504	ensembl
renamed_since_gnomAD	PABIR3	FAM122C	ENSG00000156500	ensembl
renamed_since_gnomAD	PACC1	TMEM206	ENSG00000065600	ensembl
renamed_since_gnomAD	PAK5	PAK7	ENSG00000101349	ensembl
renamed_since_gnomAD	PALM2AKAP2	PALM2-AKAP2	ENSG00000157654	ensembl
renamed_since_gnomAD	PALS1	MPP5	ENSG00000072415	ensembl
renamed_since_gnomAD	PALS2	MPP6	ENSG00000105926	ensembl
renamed_since_gnomAD	PATJ	INADL	ENSG00000132849	ensembl
renamed_since_gnomAD	PAXX	C9ORF142	ENSG00000148362	ensembl
renamed_since_gnomAD	PCARE	C2ORF71	ENSG00000179270	ensembl
renamed_since_gnomAD	PCDHB17P	PCDHB17	ENSG00000255622	ensembl
renamed_since_gnomAD	PCLAF	KIAA0101	ENSG00000166803	ensembl
renamed_since_gnomAD	PCNX1	PCNX	ENSG00000100731	ensembl
renamed_since_gnomAD	PCNX2	PCNXL2	ENSG00000135749	ensembl
renamed_since_gnomAD	PCNX3	PCNXL3	ENSG00000197136	ensembl
renamed_since_gnomAD	PCNX4	PCNXL4	ENSG00000126773	ensembl
renamed_since_gnomAD	PEAK3	C19ORF35	ENSG00000188305	ensembl
renamed_since_gnomAD	PEDS1	TMEM189	ENSG00000240849	ensembl
renamed_since_gnomAD	PERM1	C1ORF170	ENSG00000187642	ensembl
renamed_since_gnomAD	PEX39	C6ORF226	ENSG00000221821	ensembl
renamed_since_gnomAD	PGAP4	TMEM246	ENSG00000165152	ensembl
renamed_since_gnomAD	PGAP6	TMEM8A	ENSG00000129925	ensembl
renamed_since_gnomAD	PGCKA1	C4ORF19	ENSG00000154274	ensembl
renamed_since_gnomAD	PGGHG	ATHL1	ENSG00000142102	ensembl
renamed_since_gnomAD	PHAF1	C16ORF70	ENSG00000125149	ensembl
renamed_since_gnomAD	PHB1	PHB	ENSG00000167085	ensembl
renamed_since_gnomAD	PHETA1	FAM109A	ENSG00000198324	ensembl
renamed_since_gnomAD	PHETA2	FAM109B	ENSG00000177096	ensembl
renamed_since_gnomAD	PHF24	KIAA1045	ENSG00000122733	ensembl
renamed_since_gnomAD	PIDD1	PIDD	ENSG00000177595	ensembl
renamed_since_gnomAD	PIERCE1	C9ORF116	ENSG00000160345	ensembl
renamed_since_gnomAD	PIERCE2	C15ORF65	ENSG00000261652	ensembl
renamed_since_gnomAD	PIMREG	FAM64A	ENSG00000129195	ensembl
renamed_since_gnomAD	PIP4P1	TMEM55B	ENSG00000165782	ensembl
renamed_since_gnomAD	PIP4P2	TMEM55A	ENSG00000155099	ensembl
renamed_since_gnomAD	PJVK	DFNB59	ENSG00000204311	ensembl
renamed_since_gnomAD	PLAAT1	HRASLS	ENSG00000127252	ensembl
renamed_since_gnomAD	PLAAT2	HRASLS2	ENSG00000133328	ensembl
renamed_since_gnomAD	PLAAT3	PLA2G16	ENSG00000176485	ensembl
renamed_since_gnomAD	PLAAT4	RARRES3	ENSG00000133321	ensembl
renamed_since_gnomAD	PLAAT5	HRASLS5	ENSG00000168004	ensembl
renamed_since_gnomAD	PLPBP	PROSC	ENSG00000147471	ensembl
renamed_since_gnomAD	PLPP1	PPAP2A	ENSG00000067113	ensembl
renamed_since_gnomAD	PLPP2	PPAP2C	ENSG00000141934	ensembl
renamed_since_gnomAD	PLPP3	PPAP2B	ENSG00000162407	ensembl
renamed_since_gnomAD	PLPP4	PPAPDC1A	ENSG00000203805	ensembl
renamed_since_gnomAD	PLPP5	PPAPDC1B	ENSG00000147535	ensembl
renamed_since_gnomAD	PLPP6	PPAPDC2	ENSG00000205808	ensembl
renamed_since_gnomAD	PLPP7	PPAPDC3	ENSG00000160539	ensembl
alias_in_gnomAD	PLPPR1	LPPR1	ENSG00000148123	ensembl
symbol_differs_unverified	PLPPR2	DKFZP761J1410	ENSG00000105520	ensembl
alias_in_gnomAD	PLPPR3	LPPR3	ENSG00000129951	ensembl
alias_in_gnomAD	PLPPR4	LPPR4	ENSG00000117600	ensembl
alias_in_gnomAD	PLPPR5	LPPR5	ENSG00000117598	ensembl
gnomAD_symbol_now_other_gene	PLSCR3	TMEM256-PLSCR3	ENSG00000187838	ensembl
renamed_since_gnomAD	PNMA8A	PNMAL1	ENSG00000182013	ensembl
renamed_since_gnomAD	PNMA8B	PNMAL2	ENSG00000204851	ensembl
renamed_since_gnomAD	POFUT3	FUT10	ENSG00000172728	ensembl
renamed_since_gnomAD	POFUT4	FUT11	ENSG00000196968	ensembl
renamed_since_gnomAD	POGLUT2	KDELC1	ENSG00000134901	ensembl
renamed_since_gnomAD	POGLUT3	KDELC2	ENSG00000178202	ensembl
renamed_since_gnomAD	POLR1F	TWISTNB	ENSG00000105849	ensembl
renamed_since_gnomAD	POLR1G	CD3EAP	ENSG00000117877	ensembl
renamed_since_gnomAD	POLR1H	ZNRD1	ENSG00000066379	ensembl
renamed_since_gnomAD	POPDC1	BVES	ENSG00000112276	ensembl
gnomAD_symbol_now_other_gene	POTEG	POTEM	ENSG00000187537	ensembl
gnomAD_symbol_now_other_gene	POTEM	POTEG	ENSG00000222036	ensembl
renamed_since_gnomAD	POU2AF2	C11ORF53	ENSG00000150750	ensembl
renamed_since_gnomAD	POU2AF3	COLCA2	ENSG00000214290	ensembl
renamed_since_gnomAD	PPDPFL	C8ORF22	ENSG00000168333	ensembl
renamed_since_gnomAD	PPP4R3A	SMEK1	ENSG00000100796	ensembl
possible_missed_match	PPP4R3B	SMEK2	ENSG00000138041	
symbol_differs_unverified	PRAMEF27	WI2-3308P17.2	ENSG00000239810	transcript
renamed_since_gnomAD	PRELID3A	SLMO1	ENSG00000141391	ensembl
renamed_since_gnomAD	PRELID3B	SLMO2	ENSG00000101166	ensembl
renamed_since_gnomAD	PRKN	PARK2	ENSG00000185345	ensembl
renamed_since_gnomAD	PRMT2IP	C15ORF39	ENSG00000167173	ensembl
renamed_since_gnomAD	PRMT9	PRMT10	ENSG00000164169	ensembl
renamed_since_gnomAD	PRORP	KIAA0391	ENSG00000100890	ensembl
renamed_since_gnomAD	PROSER3	C19ORF55	ENSG00000167595	ensembl
renamed_since_gnomAD	PRP4K	PRPF4B	ENSG00000112739	ensembl
renamed_since_gnomAD	PRR23E	C3ORF56	ENSG00000214324	ensembl
renamed_since_gnomAD	PRR27	C4ORF40	ENSG00000187533	ensembl
renamed_since_gnomAD	PRR29	C17ORF72	ENSG00000224383	ensembl
renamed_since_gnomAD	PRR30	C2ORF53	ENSG00000186143	ensembl
renamed_since_gnomAD	PRR32	CXORF64	ENSG00000183631	ensembl
possible_missed_match	PRR33	C11ORF89	ENSG00000184682	
renamed_since_gnomAD	PRR35	C16ORF11	ENSG00000161992	ensembl
symbol_differs_unverified	PRR36	CTD-3193O13.9	ENSG00000183248	ensembl
renamed_since_gnomAD	PRUNE1	PRUNE	ENSG00000143363	ensembl
renamed_since_gnomAD	PRXL2A	FAM213A	ENSG00000122378	ensembl
renamed_since_gnomAD	PRXL2B	FAM213B	ENSG00000157870	ensembl
renamed_since_gnomAD	PRXL2C	AAED1	ENSG00000158122	ensembl
renamed_since_gnomAD	PSME3IP1	FAM192A	ENSG00000172775	ensembl
renamed_since_gnomAD	PTGR3	ZADH2	ENSG00000180011	ensembl
renamed_since_gnomAD	PTPA	PPP2R4	ENSG00000119383	ensembl
renamed_since_gnomAD	PTPN20	PTPN20A	ENSG00000204179	ensembl
renamed_since_gnomAD	PUDP	HDHD1	ENSG00000130021	ensembl
renamed_since_gnomAD	PUM3	KIAA0020	ENSG00000080608	ensembl
renamed_since_gnomAD	PWWP3A	MUM1	ENSG00000160953	ensembl
renamed_since_gnomAD	PWWP3B	MUM1L1	ENSG00000157502	ensembl
renamed_since_gnomAD	PXYLP1	ACPL2	ENSG00000155893	ensembl
renamed_since_gnomAD	PYCR3	PYCRL	ENSG00000104524	ensembl
renamed_since_gnomAD	PYM1	WIBG	ENSG00000170473	ensembl
renamed_since_gnomAD	QARS1	QARS	ENSG00000172053	ensembl
renamed_since_gnomAD	QNG1	C9ORF64	ENSG00000165118	ensembl
renamed_since_gnomAD	QTGAL	B3GNTL1	ENSG00000175711	ensembl
renamed_since_gnomAD	QTMAN	GTDC1	ENSG00000121964	ensembl
renamed_since_gnomAD	QTRT2	QTRTD1	ENSG00000151576	ensembl
renamed_since_gnomAD	RAB29	RAB7L1	ENSG00000117280	ensembl
renamed_since_gnomAD	RAB5IF	C20ORF24	ENSG00000101084	ensembl
renamed_since_gnomAD	RACK1	GNB2L1	ENSG00000204628	ensembl
renamed_since_gnomAD	RADX	CXORF57	ENSG00000147231	ensembl
renamed_since_gnomAD	RAMAC	FAM103A1	ENSG00000169612	ensembl
renamed_since_gnomAD	RARS1	RARS	ENSG00000113643	ensembl
renamed_since_gnomAD	RBIS	C8ORF59	ENSG00000176731	ensembl
renamed_since_gnomAD	RBSN	ZFYVE20	ENSG00000131381	ensembl
possible_missed_match	RCC1L	WBSCR16	ENSG00000174374	
renamed_since_gnomAD	REC114	C15ORF60	ENSG00000183324	ensembl
renamed_since_gnomAD	REDIC1	C12ORF40	ENSG00000180116	ensembl
symbol_differs_unverified	REELD1	RP11-6L6.2	ENSG00000250673	ensembl
renamed_since_gnomAD	RELCH	KIAA1468	ENSG00000134444	ensembl
renamed_since_gnomAD	RESF1	KIAA1551	ENSG00000174718	ensembl
renamed_since_gnomAD	RETREG1	FAM134B	ENSG00000154153	ensembl
renamed_since_gnomAD	RETREG2	FAM134A	ENSG00000144567	ensembl
renamed_since_gnomAD	RETREG3	FAM134C	ENSG00000141699	ensembl
renamed_since_gnomAD	REX1BD	C19ORF60	ENSG00000006015	ensembl
symbol_differs_unverified	REXO5	AC004381.6	ENSG00000005189	ensembl
renamed_since_gnomAD	RFLNA	FAM101A	ENSG00000178882	ensembl
renamed_since_gnomAD	RFLNB	FAM101B	ENSG00000183688	ensembl
renamed_since_gnomAD	RHEX	C1ORF186	ENSG00000196533	transcript
renamed_since_gnomAD	RIC1	KIAA1432	ENSG00000107036	ensembl
renamed_since_gnomAD	RIDA	HRSP12	ENSG00000132541	ensembl
renamed_since_gnomAD	RIGI	DDX58	ENSG00000107201	ensembl
renamed_since_gnomAD	RIMOC1	C5ORF51	ENSG00000205765	ensembl
renamed_since_gnomAD	RIOX2	MINA	ENSG00000170854	ensembl
renamed_since_gnomAD	RIPOR1	FAM65A	ENSG00000039523	ensembl
renamed_since_gnomAD	RIPOR2	FAM65B	ENSG00000111913	ensembl
renamed_since_gnomAD	RIPOR3	FAM65C	ENSG00000042062	ensembl
renamed_since_gnomAD	RLIG1	C12ORF29	ENSG00000133641	ensembl
renamed_since_gnomAD	RMC1	C18ORF8	ENSG00000141452	ensembl
renamed_since_gnomAD	RMP24	C18ORF21	ENSG00000141428	ensembl
renamed_since_gnomAD	RMP64	C3ORF17	ENSG00000163608	ensembl
renamed_since_gnomAD	RNF212B	C14ORF164	ENSG00000215277	ensembl
symbol_differs_unverified	RNF225	AC012313.1	ENSG00000269855	ensembl
renamed_since_gnomAD	RO60	TROVE2	ENSG00000116747	ensembl
possible_missed_match	RPSA2	RPSAP58	ENSG00000205246	
alias_in_gnomAD	RSKR	SGK494	ENSG00000167524	ensembl
renamed_since_gnomAD	RSPH14	RTDR1	ENSG00000100218	ensembl
renamed_since_gnomAD	RSRP1	C1ORF63	ENSG00000117616	ensembl
renamed_since_gnomAD	RTF2	RTFDC1	ENSG00000022277	ensembl
renamed_since_gnomAD	RTL10	C22ORF29	ENSG00000215012	ensembl
renamed_since_gnomAD	RTL3	ZCCHC5	ENSG00000179300	ensembl
renamed_since_gnomAD	RTL4	ZCCHC16	ENSG00000187823	ensembl
renamed_since_gnomAD	RTL5	RGAG4	ENSG00000242732	ensembl
renamed_since_gnomAD	RTL6	LDOC1L	ENSG00000188636	ensembl
renamed_since_gnomAD	RTL8A	FAM127B	ENSG00000203950	ensembl
renamed_since_gnomAD	RTL8B	FAM127C	ENSG00000212747	ensembl
renamed_since_gnomAD	RTL8C	FAM127A	ENSG00000134590	ensembl
renamed_since_gnomAD	RTL9	RGAG1	ENSG00000243978	ensembl
renamed_since_gnomAD	RTP5	CXXC11	ENSG00000188011	ensembl
renamed_since_gnomAD	RTRAF	C14ORF166	ENSG00000087302	ensembl
renamed_since_gnomAD	RUBCN	KIAA0226	ENSG00000145016	ensembl
renamed_since_gnomAD	RUBCNL	KIAA0226L	ENSG00000102445	ensembl
renamed_since_gnomAD	RUSF1	C16ORF58	ENSG00000140688	ensembl
renamed_since_gnomAD	RXYLT1	TMEM5	ENSG00000118600	ensembl
renamed_since_gnomAD	SACK1A	FAM83A	ENSG00000147689	ensembl
renamed_since_gnomAD	SACK1B	FAM83B	ENSG00000168143	ensembl
renamed_since_gnomAD	SACK1C	FAM83C	ENSG00000125998	ensembl
renamed_since_gnomAD	SACK1D	FAM83D	ENSG00000101447	ensembl
renamed_since_gnomAD	SACK1E	FAM83E	ENSG00000105523	ensembl
renamed_since_gnomAD	SACK1F	FAM83F	ENSG00000133477	ensembl
renamed_since_gnomAD	SACK1G	FAM83G	ENSG00000188522	ensembl
renamed_since_gnomAD	SACK1H	FAM83H	ENSG00000180921	ensembl
renamed_since_gnomAD	SAMTOR	C7ORF60	ENSG00000164603	ensembl
renamed_since_gnomAD	SANBR	KIAA1841	ENSG00000162929	ensembl
renamed_since_gnomAD	SARAF	TMEM66	ENSG00000133872	ensembl
renamed_since_gnomAD	SARS1	SARS	ENSG00000031698	ensembl
renamed_since_gnomAD	SAXO1	FAM154A	ENSG00000155875	ensembl
renamed_since_gnomAD	SAXO2	FAM154B	ENSG00000188659	ensembl
renamed_since_gnomAD	SAXO4	PPP1R32	ENSG00000162148	ensembl
renamed_since_gnomAD	SAXO5	C19ORF45	ENSG00000198723	ensembl
renamed_since_gnomAD	SAXO6	MDM1	ENSG00000111554	ensembl
renamed_since_gnomAD	SDHAF3	ACN9	ENSG00000196636	ensembl
renamed_since_gnomAD	SDHAF4	C6ORF57	ENSG00000154079	ensembl
alias_in_gnomAD	SELENOF	SEP15	ENSG00000183291	ensembl
renamed_since_gnomAD	SELENOH	C11ORF31	ENSG00000211450	ensembl
renamed_since_gnomAD	SELENOI	EPT1	ENSG00000138018	ensembl
alias_in_gnomAD	SELENOK	SELK	ENSG00000113811	ensembl
alias_in_gnomAD	SELENOM	SELM	ENSG00000198832	ensembl
renamed_since_gnomAD	SELENON	SEPN1	ENSG00000162430	ensembl
alias_in_gnomAD	SELENOO	SELO	ENSG00000073169	ensembl
renamed_since_gnomAD	SELENOP	SEPP1	ENSG00000250722	ensembl
renamed_since_gnomAD	SELENOS	VIMP	ENSG00000131871	ensembl
alias_in_gnomAD	SELENOT	SELT	ENSG00000198843	ensembl
alias_in_gnomAD	SELENOV	SELV	ENSG00000186838	ensembl
renamed_since_gnomAD	SELENOW	SEPW1	ENSG00000178980	ensembl
renamed_since_gnomAD	SEM1	SHFM1	ENSG00000127922	ensembl
renamed_since_gnomAD	SEPTIN10	SEPT10	ENSG00000186522	ensembl
renamed_since_gnomAD	SEPTIN11	SEPT11	ENSG00000138758	ensembl
renamed_since_gnomAD	SEPTIN12	SEPT12	ENSG00000140623	ensembl
renamed_since_gnomAD	SEPTIN14	SEPT14	ENSG00000154997	ensembl
renamed_since_gnomAD	SEPTIN1	SEPT1	ENSG00000180096	ensembl
renamed_since_gnomAD	SEPTIN2	SEPT2	ENSG00000168385	ensembl
renamed_since_gnomAD	SEPTIN3	SEPT3	ENSG00000100167	ensembl
renamed_since_gnomAD	SEPTIN4	SEPT4	ENSG00000108387	ensembl
renamed_since_gnomAD	SEPTIN5	SEPT5	ENSG00000184702	ensembl
renamed_since_gnomAD	SEPTIN6	SEPT6	ENSG00000125354	ensembl
renamed_since_gnomAD	SEPTIN7	SEPT7	ENSG00000122545	ensembl
renamed_since_gnomAD	SEPTIN8	SEPT8	ENSG00000164402	ensembl
renamed_since_gnomAD	SEPTIN9	SEPT9	ENSG00000184640	ensembl
symbol_differs_unverified	SF3B6	SF3B14	ENSG00000115128	ensembl
renamed_since_gnomAD	SGF29	CCDC101	ENSG00000176476	ensembl
renamed_since_gnomAD	SGO1	SGOL1	ENSG00000129810	ensembl
renamed_since_gnomAD	SGO2	SGOL2	ENSG00000163535	ensembl
renamed_since_gnomAD	SHFL	C19ORF66	ENSG00000130813	ensembl
renamed_since_gnomAD	SHISAL1	KIAA1644	ENSG00000138944	ensembl
renamed_since_gnomAD	SHISAL2A	FAM159A	ENSG00000182183	ensembl
renamed_since_gnomAD	SHISAL2B	FAM159B	ENSG00000145642	ensembl
renamed_since_gnomAD	SHLD1	C20ORF196	ENSG00000171984	ensembl
renamed_since_gnomAD	SHLD2	FAM35A	ENSG00000122376	ensembl
alias_in_gnomAD	SHLD3	CTC-534A2.2	ENSG00000253251	ensembl
renamed_since_gnomAD	SHOC1	C9ORF84	ENSG00000165181	ensembl
renamed_since_gnomAD	SHTN1	KIAA1598	ENSG00000187164	ensembl
renamed_since_gnomAD	SINHCAF	FAM60A	ENSG00000139146	ensembl
renamed_since_gnomAD	SIRAL1	FAM118B	ENSG00000197798	ensembl
renamed_since_gnomAD	SIRAL2	FAM118A	ENSG00000100376	ensembl
renamed_since_gnomAD	SKIC2	SKIV2L	ENSG00000204351	ensembl
renamed_since_gnomAD	SKIC3	TTC37	ENSG00000198677	ensembl
renamed_since_gnomAD	SKIC8	WDR61	ENSG00000140395	ensembl
renamed_since_gnomAD	SLC33A2	MFSD3	ENSG00000167700	ensembl
renamed_since_gnomAD	SLC35D4	TMEM241	ENSG00000134490	ensembl
renamed_since_gnomAD	SLC35H1	SLC35C2	ENSG00000080189	ensembl
renamed_since_gnomAD	SLC38A12	TMEM104	ENSG00000109066	ensembl
renamed_since_gnomAD	SLC49A3	MFSD7	ENSG00000169026	ensembl
renamed_since_gnomAD	SLC49A4	DIRC2	ENSG00000138463	ensembl
renamed_since_gnomAD	SLC60A1	MFSD4	ENSG00000174514	ensembl
renamed_since_gnomAD	SLC60A2	KIAA1919	ENSG00000173214	ensembl
renamed_since_gnomAD	SLC61A1	MFSD5	ENSG00000182544	ensembl
renamed_since_gnomAD	SLC66A1	PQLC2	ENSG00000040487	ensembl
renamed_since_gnomAD	SLC66A2	PQLC1	ENSG00000122490	ensembl
renamed_since_gnomAD	SLC66A3	PQLC3	ENSG00000162976	ensembl
renamed_since_gnomAD	SLC67A1	SLC22A18	ENSG00000110628	ensembl
renamed_since_gnomAD	SLC67A2	MFSD9	ENSG00000135953	ensembl
renamed_since_gnomAD	SLC68A1	TMEM180	ENSG00000138111	ensembl
renamed_since_gnomAD	SLC71A1	HIAT1	ENSG00000156875	ensembl
renamed_since_gnomAD	SLC71A2	HIATL1	ENSG00000148110	ensembl
renamed_since_gnomAD	SLC75A1	MFSD10	ENSG00000109736	ensembl
renamed_since_gnomAD	SLC9D1	TMCO3	ENSG00000150403	ensembl
renamed_since_gnomAD	SLF1	ANKRD32	ENSG00000133302	ensembl
renamed_since_gnomAD	SLF2	FAM178A	ENSG00000119906	ensembl
renamed_since_gnomAD	SLX9	FAM207A	ENSG00000160256	ensembl
renamed_since_gnomAD	SMIM24	C19ORF77	ENSG00000095932	ensembl
renamed_since_gnomAD	SMIM29	C6ORF1	ENSG00000186577	ensembl
renamed_since_gnomAD	SMIM30	LINC00998	ENSG00000214194	ensembl
symbol_differs_unverified	SMIM34	AP000322.53	ENSG00000243627	ensembl
symbol_differs_unverified	SMIM43	TMEM155	ENSG00000164112	ensembl
renamed_since_gnomAD	SNORC	C2ORF82	ENSG00000182600	ensembl
renamed_since_gnomAD	SNU13	NHP2L1	ENSG00000100138	ensembl
renamed_since_gnomAD	SOFU1	C7ORF34	ENSG00000165131	ensembl
renamed_since_gnomAD	SPACA9	C9ORF9	ENSG00000165698	ensembl
renamed_since_gnomAD	SPACDR	C7ORF61	ENSG00000185955	ensembl
renamed_since_gnomAD	SPART	SPG20	ENSG00000133104	ensembl
renamed_since_gnomAD	SPATA31F1	FAM205A	ENSG00000205108	ensembl
renamed_since_gnomAD	SPATA31G1	C9ORF131	ENSG00000174038	ensembl
renamed_since_gnomAD	SPATA31H1	C2ORF16	ENSG00000221843	ensembl
renamed_since_gnomAD	SPATA45	C1ORF227	ENSG00000185523	ensembl
renamed_since_gnomAD	SPATA46	C1ORF111	ENSG00000171722	ensembl
renamed_since_gnomAD	SPEM2	C17ORF74	ENSG00000184560	ensembl
renamed_since_gnomAD	SPINDOC	C11ORF84	ENSG00000168005	ensembl
possible_missed_match	SPMAP1	C17ORF98	ENSG00000214556	
renamed_since_gnomAD	SPMAP2L	THEGL	ENSG00000249693	ensembl
renamed_since_gnomAD	SPMAP2	THEG	ENSG00000105549	ensembl
renamed_since_gnomAD	SPMIP10	C5ORF48	ENSG00000196900	ensembl
renamed_since_gnomAD	SPMIP11	LINC00935	ENSG00000257987	ensembl
renamed_since_gnomAD	SPMIP2	C4ORF45	ENSG00000164123	ensembl
renamed_since_gnomAD	SPMIP3	C1ORF100	ENSG00000173728	ensembl
renamed_since_gnomAD	SPMIP4	C7ORF31	ENSG00000153790	ensembl
renamed_since_gnomAD	SPMIP5	C10ORF82	ENSG00000165863	ensembl
renamed_since_gnomAD	SPMIP6	C9ORF24	ENSG00000164972	ensembl
renamed_since_gnomAD	SPMIP7	C7ORF72	ENSG00000164500	ensembl
renamed_since_gnomAD	SPMIP8	TEPP	ENSG00000159648	ensembl
renamed_since_gnomAD	SPMIP9	TEX37	ENSG00000172073	ensembl
renamed_since_gnomAD	SPOUT1	C9ORF114	ENSG00000198917	ensembl
renamed_since_gnomAD	SPRING1	C12ORF49	ENSG00000111412	ensembl
renamed_since_gnomAD	SPX	C12ORF39	ENSG00000134548	ensembl
renamed_since_gnomAD	SQOR	SQRDL	ENSG00000137767	ensembl
renamed_since_gnomAD	SRARP	C1ORF64	ENSG00000183888	ensembl
renamed_since_gnomAD	SRPRA	SRPR	ENSG00000182934	ensembl
renamed_since_gnomAD	SSC4D	SRCRB4D	ENSG00000146700	ensembl
gnomAD_symbol_now_other_gene	STBD1	FAM47E-STBD1	ENSG00000118804	ensembl
renamed_since_gnomAD	STEEP1	CXORF56	ENSG00000018610	ensembl
renamed_since_gnomAD	STIMATE	TMEM110	ENSG00000213533	ensembl
renamed_since_gnomAD	STING1	TMEM173	ENSG00000184584	ensembl
alias_in_gnomAD	STK26	MST4	ENSG00000134602	ensembl
renamed_since_gnomAD	STKLD1	C9ORF96	ENSG00000198870	ensembl
renamed_since_gnomAD	STMP1	C7ORF73	ENSG00000243317	ensembl
renamed_since_gnomAD	STN1	OBFC1	ENSG00000107960	ensembl
renamed_since_gnomAD	STPG3	C9ORF173	ENSG00000197768	ensembl
renamed_since_gnomAD	STPG4	C2ORF61	ENSG00000239605	ensembl
renamed_since_gnomAD	STUM	C1ORF95	ENSG00000203685	ensembl
renamed_since_gnomAD	STYXL2	DUSP27	ENSG00000198842	ensembl
renamed_since_gnomAD	SUSD6	KIAA0247	ENSG00000100647	ensembl
renamed_since_gnomAD	SVBP	CCDC23	ENSG00000177868	ensembl
renamed_since_gnomAD	TAFA1	FAM19A1	ENSG00000183662	ensembl
renamed_since_gnomAD	TAFA2	FAM19A2	ENSG00000198673	ensembl
renamed_since_gnomAD	TAFA3	FAM19A3	ENSG00000184599	ensembl
renamed_since_gnomAD	TAFA4	FAM19A4	ENSG00000163377	ensembl
renamed_since_gnomAD	TAFA5	FAM19A5	ENSG00000219438	ensembl
renamed_since_gnomAD	TAFAZZIN	TAZ	ENSG00000102125	ensembl
renamed_since_gnomAD	TAMALIN	GRASP	ENSG00000161835	ensembl
renamed_since_gnomAD	TARS1	TARS	ENSG00000113407	ensembl
renamed_since_gnomAD	TARS3	TARSL2	ENSG00000185418	ensembl
renamed_since_gnomAD	TASL	CXORF21	ENSG00000120280	ensembl
renamed_since_gnomAD	TASOR2	FAM208B	ENSG00000108021	ensembl
renamed_since_gnomAD	TASOR	FAM208A	ENSG00000163946	ensembl
renamed_since_gnomAD	TBXT	T	ENSG00000164458	ensembl
renamed_since_gnomAD	TCAF1	FAM115A	ENSG00000198420	ensembl
renamed_since_gnomAD	TCAF2	FAM115C	ENSG00000170379	ensembl
renamed_since_gnomAD	TCEAL9	WBP5	ENSG00000185222	ensembl
renamed_since_gnomAD	TCIM	C8ORF4	ENSG00000176907	ensembl
renamed_since_gnomAD	TEDC1	C14ORF80	ENSG00000185347	ensembl
renamed_since_gnomAD	TEDC2	C16ORF59	ENSG00000162062	ensembl
renamed_since_gnomAD	TEKTIP1	C19ORF71	ENSG00000183397	ensembl
renamed_since_gnomAD	TEKTL1	CCDC105	ENSG00000160994	ensembl
renamed_since_gnomAD	TENT2	PAPD4	ENSG00000164329	ensembl
renamed_since_gnomAD	TENT4A	PAPD7	ENSG00000112941	ensembl
renamed_since_gnomAD	TENT4B	PAPD5	ENSG00000121274	ensembl
renamed_since_gnomAD	TENT5A	FAM46A	ENSG00000112773	ensembl
renamed_since_gnomAD	TENT5B	FAM46B	ENSG00000158246	ensembl
renamed_since_gnomAD	TENT5C	FAM46C	ENSG00000183508	ensembl
renamed_since_gnomAD	TENT5D	FAM46D	ENSG00000174016	ensembl
renamed_since_gnomAD	TEPSIN	ENTHD2	ENSG00000167302	ensembl
renamed_since_gnomAD	TERB1	CCDC79	ENSG00000249961	ensembl
renamed_since_gnomAD	TERB2	C15ORF43	ENSG00000167014	ensembl
renamed_since_gnomAD	TESMIN	MTL5	ENSG00000132749	ensembl
renamed_since_gnomAD	TEX44	C2ORF57	ENSG00000177673	ensembl
renamed_since_gnomAD	TEX46	C1ORF234	ENSG00000227868	ensembl
renamed_since_gnomAD	TEX47	C7ORF62	ENSG00000164645	ensembl
symbol_differs_unverified	TEX51	AC114783.1	ENSG00000237524	ensembl
renamed_since_gnomAD	TEX55	C3ORF30	ENSG00000163424	ensembl
renamed_since_gnomAD	THAP12	PRKRIR	ENSG00000137492	ensembl
renamed_since_gnomAD	TIGAR	C12ORF5	ENSG00000078237	ensembl
renamed_since_gnomAD	TIMCC	FAM136A	ENSG00000035141	ensembl
renamed_since_gnomAD	TIMM29	C19ORF52	ENSG00000142444	ensembl
renamed_since_gnomAD	TKFC	DAK	ENSG00000149476	ensembl
renamed_since_gnomAD	TLCD3A	FAM57A	ENSG00000167695	ensembl
renamed_since_gnomAD	TLCD3B	FAM57B	ENSG00000149926	ensembl
renamed_since_gnomAD	TLCD4	TMEM56	ENSG00000152078	ensembl
renamed_since_gnomAD	TLCD5	TMEM136	ENSG00000181264	ensembl
renamed_since_gnomAD	TLE5	AES	ENSG00000104964	ensembl
renamed_since_gnomAD	TLNRD1	MESDC1	ENSG00000140406	ensembl
renamed_since_gnomAD	TMEM121B	CECR6	ENSG00000183307	ensembl
renamed_since_gnomAD	TMEM131L	KIAA0922	ENSG00000121210	ensembl
renamed_since_gnomAD	TMEM250	C9ORF69	ENSG00000238227	ensembl
renamed_since_gnomAD	TMEM263	C12ORF23	ENSG00000151135	ensembl
renamed_since_gnomAD	TMEM266	C15ORF27	ENSG00000169758	ensembl
renamed_since_gnomAD	TMEM267	C5ORF28	ENSG00000151881	ensembl
renamed_since_gnomAD	TMEM268	C9ORF91	ENSG00000157693	ensembl
renamed_since_gnomAD	TMEM270	WBSCR28	ENSG00000175877	ensembl
renamed_since_gnomAD	TMEM273	C10ORF128	ENSG00000204161	ensembl
renamed_since_gnomAD	TMEM278	TMEM88B	ENSG00000205116	ensembl
renamed_since_gnomAD	TMEM35A	TMEM35	ENSG00000126950	ensembl
renamed_since_gnomAD	TMEM35B	ZMYM6NB	ENSG00000243749	ensembl
renamed_since_gnomAD	TMEM94	KIAA0195	ENSG00000177728	ensembl
gnomAD_symbol_now_other_gene	TMIGD3	ADORA3	ENSG00000121933	ensembl
renamed_since_gnomAD	TMT1A	METTL7A	ENSG00000185432	ensembl
renamed_since_gnomAD	TMT1B	METTL7B	ENSG00000170439	ensembl
renamed_since_gnomAD	TNS2	TENC1	ENSG00000111077	ensembl
renamed_since_gnomAD	TOGARAM1	FAM179B	ENSG00000198718	ensembl
renamed_since_gnomAD	TOGARAM2	FAM179A	ENSG00000189350	ensembl
renamed_since_gnomAD	TOMM70	TOMM70A	ENSG00000154174	ensembl
renamed_since_gnomAD	TOP6BL	C11ORF80	ENSG00000173715	ensembl
renamed_since_gnomAD	TPRX2	TPRX2P	ENSG00000259009	ensembl
renamed_since_gnomAD	TRAPPC14	C7ORF43	ENSG00000146826	ensembl
renamed_since_gnomAD	TRAPPC2B	TRAPPC2P1	ENSG00000256060	ensembl
renamed_since_gnomAD	TRARG1	TUSC5	ENSG00000184811	ensembl
renamed_since_gnomAD	TRIR	C19ORF43	ENSG00000123144	ensembl
renamed_since_gnomAD	TRMO	C9ORF156	ENSG00000136932	ensembl
renamed_since_gnomAD	TRMT9B	KIAA1456	ENSG00000250305	ensembl
renamed_since_gnomAD	TSBP1	C6ORF10	ENSG00000204296	ensembl
renamed_since_gnomAD	TSPOAP1	BZRAP1	ENSG00000005379	ensembl
symbol_differs_unverified	TUBB8B	RP11-683L23.1	ENSG00000173213	ensembl
renamed_since_gnomAD	TUT4	ZCCHC11	ENSG00000134744	ensembl
renamed_since_gnomAD	TUT7	ZCCHC6	ENSG00000083223	ensembl
renamed_since_gnomAD	TWNK	C10ORF2	ENSG00000107815	ensembl
renamed_since_gnomAD	TYW2	TRMT12	ENSG00000183665	ensembl
symbol_differs_unverified	TZMP1	GVQW1	ENSG00000241043	transcript
renamed_since_gnomAD	UFD1	UFD1L	ENSG00000070010	ensembl
renamed_since_gnomAD	UMAD1	RPA3-AS1	ENSG00000219545	ensembl
renamed_since_gnomAD	UPK3BL1	UPK3BL	ENSG00000267368	ensembl
renamed_since_gnomAD	UQCC3	C11ORF83	ENSG00000204922	ensembl
renamed_since_gnomAD	UQCC4	C16ORF91	ENSG00000174109	ensembl
renamed_since_gnomAD	UQCC5	SMIM4	ENSG00000168273	ensembl
renamed_since_gnomAD	UQCC6	C12ORF73	ENSG00000204954	ensembl
renamed_since_gnomAD	USF3	KIAA2018	ENSG00000176542	ensembl
renamed_since_gnomAD	UTP11	UTP11L	ENSG00000183520	ensembl
renamed_since_gnomAD	UTP25	DIEXF	ENSG00000117597	ensembl
renamed_since_gnomAD	UTP4	CIRH1A	ENSG00000141076	ensembl
renamed_since_gnomAD	VARS1	VARS	ENSG00000204394	ensembl
renamed_since_gnomAD	VCF1	FAM104A	ENSG00000133193	ensembl
renamed_since_gnomAD	VCF2	FAM104B	ENSG00000182518	ensembl
renamed_since_gnomAD	VEGFD	FIGF	ENSG00000165197	ensembl
renamed_since_gnomAD	VIRMA	KIAA1429	ENSG00000164944	ensembl
renamed_since_gnomAD	VMA12	TMEM199	ENSG00000244045	ensembl
renamed_since_gnomAD	VMA22	CCDC115	ENSG00000136710	ensembl
renamed_since_gnomAD	VPS26C	DSCR3	ENSG00000157538	ensembl
renamed_since_gnomAD	VPS35L	C16ORF62	ENSG00000103544	ensembl
renamed_since_gnomAD	VPS50	CCDC132	ENSG00000004766	ensembl
renamed_since_gnomAD	VSIR	C10ORF54	ENSG00000107738	ensembl
renamed_since_gnomAD	VXN	C8ORF46	ENSG00000169085	ensembl
renamed_since_gnomAD	WAPL	WAPAL	ENSG00000062650	ensembl
renamed_since_gnomAD	WARS1	WARS	ENSG00000140105	ensembl
renamed_since_gnomAD	WASHC2A	FAM21A	ENSG00000099290	ensembl
renamed_since_gnomAD	WASHC2C	FAM21C	ENSG00000172661	ensembl
renamed_since_gnomAD	WASHC3	CCDC53	ENSG00000120860	ensembl
renamed_since_gnomAD	WASHC4	KIAA1033	ENSG00000136051	ensembl
renamed_since_gnomAD	WASHC5	KIAA0196	ENSG00000164961	ensembl
renamed_since_gnomAD	WDCP	C2ORF44	ENSG00000163026	ensembl
renamed_since_gnomAD	WDR97	KIAA1875	ENSG00000179698	ensembl
renamed_since_gnomAD	WHR1	STK19	ENSG00000204344	ensembl
renamed_since_gnomAD	WHRN	DFNB31	ENSG00000095397	ensembl
symbol_differs_unverified	XNDC1N	RP11-849H4.2	ENSG00000254469	ensembl
renamed_since_gnomAD	XTBD1	CDKN2AIPNL	ENSG00000237190	ensembl
renamed_since_gnomAD	YAE1	YAE1D1	ENSG00000241127	ensembl
renamed_since_gnomAD	YARS1	YARS	ENSG00000134684	ensembl
renamed_since_gnomAD	YJU2B	CCDC130	ENSG00000104957	ensembl
renamed_since_gnomAD	YJU2	CCDC94	ENSG00000105248	ensembl
renamed_since_gnomAD	ZBED11	FAM200B	ENSG00000237765	ensembl
renamed_since_gnomAD	ZBED8L	FAM200A	ENSG00000221909	ensembl
renamed_since_gnomAD	ZBED8	C5ORF54	ENSG00000221886	ensembl
renamed_since_gnomAD	ZBTB35	ZNF131	ENSG00000172262	ensembl
renamed_since_gnomAD	ZC3H11D	C12ORF50	ENSG00000165805	ensembl
renamed_since_gnomAD	ZFTRAF1	CYHR1	ENSG00000187954	ensembl
renamed_since_gnomAD	ZGRF1	C4ORF21	ENSG00000138658	ensembl
renamed_since_gnomAD	ZNF724	ZNF724P	ENSG00000196081	ensembl
renamed_since_gnomAD	ZNF875	HKR1	ENSG00000181666	ensembl
renamed_since_gnomAD	ZNG1A	CBWD1	ENSG00000172785	ensembl
renamed_since_gnomAD	ZNG1B	CBWD2	ENSG00000136682	ensembl
renamed_since_gnomAD	ZNG1C	CBWD3	ENSG00000196873	ensembl
renamed_since_gnomAD	ZNG1E	CBWD5	ENSG00000147996	ensembl
possible_missed_match	ZNG1F	CBWD6	ENSG00000204790	
renamed_since_gnomAD	ZNRD2	SSSCA1	ENSG00000173465	ensembl
renamed_since_gnomAD	ZPR1	ZNF259	ENSG00000109917	ensembl
renamed_since_gnomAD	ZSWIM9	C19ORF68	ENSG00000185453	ensembl
renamed_since_gnomAD	ZUP1	ZUFSP	ENSG00000153975	ensembl
