exception	assigned_to	previous_holder	symbol_gene	gnomad_row_gene_id	gnomad_row_symbol	gnomad_row_transcript	transcript_owner	transcript_owner_gene_id	pLI	LOEUF
assigned_by_previous_symbol	AKR1C8			ENSG00000196326	AKR1CL1	ENST00000488756			1.3656e-05	1.825
assigned_by_previous_symbol	CASTOR2			ENSG00000198750	GATSL2	ENST00000426327			0.42837	1.625
assigned_by_previous_symbol	CATSPERQ			ENSG00000214597	TMEM249	ENST00000398633			0.10458	0.85
assigned_by_previous_symbol	CCDC163			ENSG00000236624	CCDC163P	ENST00000488405			0.42082	0.902
assigned_by_previous_symbol	CCNQ			ENSG00000147382	FAM58A	ENST00000406277			0.90384	0.396
assigned_by_previous_symbol	EPOP			ENSG00000179294	C17ORF96	ENST00000325814			0.27965	1.238
assigned_by_previous_symbol	H2AB1			ENSG00000198082	H2AFB1	ENST00000354461				
assigned_by_previous_symbol	H2AC12			ENSG00000184825	HIST1H2AH	ENST00000377459	H2AC12	ENSG00000274997	0.00049143	1.942
assigned_by_previous_symbol	H2AC14			ENSG00000182611	HIST1H2AJ	ENST00000333151	H2AC14	ENSG00000276368	0.0237	1.886
assigned_by_previous_symbol	H2AC15			ENSG00000184348	HIST1H2AK	ENST00000330180			0.00010432	1.936
assigned_by_previous_symbol	H2AC16			ENSG00000198374	HIST1H2AL	ENST00000357320			0.00079028	1.916
assigned_by_previous_symbol	H2AC17			ENSG00000233224	HIST1H2AM	ENST00000359611	H2AC17	ENSG00000278677	5.4464e-07	1.973
assigned_by_previous_symbol	H2AC4			ENSG00000137259	HIST1H2AB	ENST00000259791			0.00057284	1.935
assigned_by_previous_symbol	H2AC8			ENSG00000168274	HIST1H2AE	ENST00000303910	H2AC8	ENSG00000277075	0.032343	1.825
assigned_by_previous_symbol	H2BC10			ENSG00000168242	HIST1H2BI	ENST00000377733	H2BC10	ENSG00000278588	0.0039846	1.915
assigned_by_previous_symbol	H2BC14			ENSG00000196374	HIST1H2BM	ENST00000359465			5.0487e-06	1.969
assigned_by_previous_symbol	H2BC17			ENSG00000196331	HIST1H2BO	ENST00000303806			0.00045605	1.945
assigned_by_previous_symbol	H2BC3			ENSG00000196226	HIST1H2BB	ENST00000357905			0.0037893	1.919
assigned_by_previous_symbol	H2BC6			ENSG00000197697	HIST1H2BE	ENST00000356530	H2BC7	ENSG00000277224	4.1485e-06	1.971
assigned_by_previous_symbol	H2BC7			ENSG00000197846	HIST1H2BF	ENST00000359985			3.2385e-08	1.981
assigned_by_previous_symbol	H2BC8			ENSG00000187990	HIST1H2BG	ENST00000244601			4.8893e-07	1.974
assigned_by_previous_symbol	H2BC9			ENSG00000197459	HIST1H2BH	ENST00000356350			3.8304e-06	1.972
assigned_by_previous_symbol	H3-7			ENSG00000203818	HIST2H3PS2	ENST00000392948	H3-7	ENSG00000273213	0.0037116	1.921
assigned_by_previous_symbol	H3C10			ENSG00000203813	HIST1H3H	ENST00000369163	H3C10	ENSG00000278828	0.0057387	1.875
assigned_by_previous_symbol	H3C11			ENSG00000182572	HIST1H3I	ENST00000328488			0.0084746	1.802
assigned_by_previous_symbol	H3C1			ENSG00000198366	HIST1H3A	ENST00000357647			6.293e-07	1.972
assigned_by_previous_symbol	H3C2			ENSG00000124693	HIST1H3B	ENST00000244661			1.4796e-05	1.944
assigned_by_previous_symbol	H3C3			ENSG00000196532	HIST1H3C	ENST00000540144			0.26064	1.302
assigned_by_previous_symbol	H3C6			ENSG00000196966	HIST1H3E	ENST00000360408			1.4382e-06	1.959
assigned_by_previous_symbol	H3C7			ENSG00000256316	HIST1H3F	ENST00000446824			0.0065896	1.853
assigned_by_previous_symbol	H3C8			ENSG00000256018	HIST1H3G	ENST00000305910			1.1617e-06	1.963
assigned_by_previous_symbol	H4C12			ENSG00000197914	HIST1H4K	ENST00000357549			0.0015737	1.96
assigned_by_previous_symbol	H4C13			ENSG00000198558	HIST1H4L	ENST00000355981			0.00034971	1.954
assigned_by_previous_symbol	H4C1			ENSG00000196176	HIST1H4A	ENST00000359907			0.00020556	1.967
assigned_by_previous_symbol	H4C2			ENSG00000124529	HIST1H4B	ENST00000377364			0.0029154	1.936
assigned_by_previous_symbol	H4C4			ENSG00000188987	HIST1H4D	ENST00000340756			0.0019851	1.953
assigned_by_previous_symbol	H4C5			ENSG00000198518	HIST1H4E	ENST00000360441			0.013453	1.94
assigned_by_previous_symbol	H4C6			ENSG00000198327	HIST1H4F	ENST00000377745	H4C2	ENSG00000278705	0.13072	1.796
assigned_by_previous_symbol	H4C7			ENSG00000124578	HIST1H4G	ENST00000244537	H4C6	ENSG00000274618	0.013198	1.941
assigned_by_previous_symbol	H4C9			ENSG00000198339	HIST1H4I	ENST00000354348			0.015809	1.929
assigned_by_previous_symbol	HEATR9			ENSG00000172653	C17ORF66	ENST00000311880			4.8498e-16	1.134
assigned_by_previous_symbol	NATD1			ENSG00000154035	C17ORF103	ENST00000399011			0.64837	0.881
assigned_by_previous_symbol	NOTCH2NLA			ENSG00000213240	NOTCH2NL	ENST00000369340			0.60972	0.658
assigned_by_previous_symbol	OR8U3			ENSG00000174942	OR5R1	ENST00000312253			0.00051866	1.753
assigned_by_previous_symbol	PPP4R3B			ENSG00000138041	SMEK2	ENST00000345102			0.70636	0.368
assigned_by_previous_symbol	PRR33			ENSG00000184682	C11ORF89	ENST00000391480				
assigned_by_previous_symbol	RCC1L			ENSG00000174374	WBSCR16	ENST00000329959			0.00086789	0.958
assigned_by_previous_symbol	RHEX			ENSG00000196533	C1ORF186	ENST00000331555	RHEX	ENSG00000263961	4.525e-05	1.609
assigned_by_previous_symbol	RPSA2			ENSG00000205246	RPSAP58	ENST00000496398			0.003425	1.641
assigned_by_previous_symbol	SPMAP1			ENSG00000214556	C17ORF98	ENST00000398575			0.0088152	1.286
assigned_by_previous_symbol	ZNG1F			ENSG00000204790	CBWD6	ENST00000377457			9.8278e-07	1.725
reassigned_by_transcript	TAF9	AK6		ENSG00000085231	TAF9	ENST00000328663	TAF9	ENSG00000273841	4.2231e-07	1.834
symbol_conflict_resolved_by_transcript	TMIGD3	TMIGD3	ADORA3	ENSG00000121933	ADORA3	ENST00000369716	TMIGD3	ENSG00000121933	0.0001441	1.066
unresolved_retired_transcript		MAGEA9	MAGEA9B	ENSG00000123584	MAGEA9B	ENST00000243314				
transcript_owner_has_own_row	H4C7	H4C7		ENSG00000124578	HIST1H4G	ENST00000244537	H4C6	ENSG00000274618	0.013198	1.941
transcript_owner_has_own_row	IFNA5	IFNA5		ENSG00000147873	IFNA5	ENST00000259555	IFNA6	ENSG00000120235		
unresolved_retired_transcript		NBPF20	NBPF8	ENSG00000162825	NBPF8	ENST00000369365			1.4181e-07	1.967
reassigned_by_transcript	BAHCC1			ENSG00000171282	RP11-1055B8.7	ENST00000307745	BAHCC1	ENSG00000266074	0.99999	0.221
transcript_owner_has_own_row	OR6B3	OR6B3		ENSG00000178586	OR6B3	ENST00000319423	OR6B2	ENSG00000182083	0.00019086	1.898
transcript_owner_has_own_row	OR5T1	OR5T1		ENSG00000181698	OR5T1	ENST00000313033	OR5T3	ENSG00000172489		
symbol_conflict_resolved_by_transcript	OR4M2B	OR4M2B	OR4M2	ENSG00000182974	OR4M2	ENST00000332663	OR4M2B	ENSG00000182974	3.9447e-08	1.958
reassigned_by_transcript	PAGR1			ENSG00000185928	PAGR1	ENST00000320330	PAGR1	ENSG00000280789	0.74265	0.538
transcript_owner_has_own_row	OR6C75	OR6C75		ENSG00000187857	OR6C75	ENST00000343399	OR6C74	ENSG00000197706	0.018817	1.511
transcript_owner_has_own_row	H2BC6	H2BC6		ENSG00000197697	HIST1H2BE	ENST00000356530	H2BC7	ENSG00000277224	4.1485e-06	1.971
transcript_owner_has_own_row	H4C6	H4C6		ENSG00000198327	HIST1H4F	ENST00000377745	H4C2	ENSG00000278705	0.13072	1.796
transcript_owner_has_own_row	OR2T5	OR2T5		ENSG00000203661	OR2T5	ENST00000366473	OR2T4	ENSG00000196944	0.47281	1.475
transcript_owner_has_own_row	OR2T7	OR2T7		ENSG00000227152	OR2T7	ENST00000460972	OR2T27	ENSG00000187701	1.7847e-06	1.862
unresolved_retired_transcript		PRAMEF25	PRAMEF26	ENSG00000229571	PRAMEF26	ENST00000423177			3.3135e-07	1.951
reassigned_by_transcript	PRAMEF27	PRAMEF11		ENSG00000239810	WI2-3308P17.2	ENST00000436041	PRAMEF27	ENSG00000274764		
transcript_owner_has_own_row	PEDS1	PEDS1		ENSG00000240849	TMEM189	ENST00000557021	UBE2V1	ENSG00000244687	0.0083949	0.669
reassigned_by_transcript	TZMP1			ENSG00000241043	GVQW1	ENST00000451672	TZMP1	ENSG00000235453		
reassigned_by_transcript	CFAP99			ENSG00000249428	RP11-503N18.3	ENST00000506607	CFAP99	ENSG00000206113	2.7711e-12	1.324
transcript_owner_has_own_row	OR5M1	OR5M1		ENSG00000255012	OR5M1	ENST00000526538	OR5M10	ENSG00000254834	0.0019124	1.801
